14.6472;13.2059;11.09;7.49;0;1;1.25874;-1.17;2.45038;6.32
8.59011;7.94965;6.87;4.25;0;0;1.6116;-0.22;2.34746;4.03
9.48222;8.63521;1.77;8.63;0;0;3.99945;-1.52;2.27548;7.11
5.06474;4.60792;4.35;1.52;0;1;1.50147;2.07;2.82376;3.59
6.36543;6.28156;3.88;4.94;0;0;1.50876;-1.48;0.854902;3.46
12.0426;11.1027;9.29;6.08;0;1;1.30629;0.86;3.97933;6.94
2.01772;1.54935;0.3;1.73;0;1;0;2.14;3.2073;3.87
1.91471;1.71945;1.26;1.24;0;0;0;5.25;6.13425;6.49
5.57177;5.4135;4.18;3.44;0;0;1.65517;0.09;1.95639;3.53
3.6601;3.40599;0.52;3.38;0;0;0;1.77;3.6653;5.15
3.11157;0.76844;0.88;1.56;0;0;2.75505;-1.74;-0.472969;-0.18
2.42666;1.3137;1.2;0.67;0;0;1.37843;1.69;2.14405;2.36
1.16906;1.10114;0.16;1.1;0;0;0.704152;1.74;2.25293;2.84
1.49021;0.896772;0.89;0.25;0;0;0;2.58;2.70083;2.83
2.33723;0.691159;0.48;1.05;1;1;0;1.83;2.14765;2.88
7.11323;6.59735;6.54;1.54;1;0;1.71216;0.46;1.49573;2
2.52475;1.76324;1.22;1.37;0;0;1.16064;0.44;1.30582;1.81
5.48937;1.85952;2.19;2.25;2;0;1.14542;3.48;4.59915;5.73
7.40575;7.36011;0.26;7.36;0;0;1.86283;-0.54;2.4273;6.82
7.07243;6.98092;0.59;6.96;0;0;1.98943;-0.07;2.76289;6.89
4.18157;3.75366;0.77;3.74;1;0;1.90054;3.51;5.00056;7.25
7.46546;7.3965;0.44;7.39;0;0;2.63539;-0.16;3.26465;7.23
4.00038;3.82498;0.89;3.72;0;0;0;2.06;3.72172;5.78
8.99548;8.43154;7.78;3.37;0;0;1.55283;-1.58;0.700994;1.79
8.68969;8.63669;0.34;8.63;0;0;1.89132;-1.18;2.12843;7.45
2.26313;1.25591;0.51;1.33;0;0;0;6.49;6.8505;7.82
1.69281;0.560892;0.28;0.74;0;0;0;5.99;6.52089;6.73
1.93034;0.594811;0.43;0.9;0;0;0;4.24;4.75179;5.14
10.6014;8.51848;7.22;5.7;1;0;1.27891;-1.52;1.73028;4.18
7.54404;5.60147;5.58;2.23;0;0;1.72437;3.41;4.2558;5.64
3.6998;3.53051;2.86;2.07;0;0;1.91789;2.66;3.95603;4.73
6.24402;6.14007;6.14;0.19;0;0;1.30225;0.57;0.649512;0.76
9.40062;8.44366;1.4;8.43;1;0;3.66173;-1.63;1.98633;6.8
8.66142;8.66001;0.04;8.66;0;0;2.63431;-1.32;2.48675;7.34
4.70327;3.828;2.01;3.46;0;0;0;2.75;3.59163;6.21
4.06172;3.58151;3.5;1.24;0;0;1.71857;0.54;1.39787;1.78
8.3346;8.28894;0.56;8.27;0;0;0;-0.96;3.46951;7.31
7.64424;7.58164;0.42;7.57;1;0;2.91994;-0.73;3.01015;6.84
8.33669;8.29292;0.22;8.29;1;0;3.03177;-1.42;3.30086;6.87
8.58174;8.27015;0.39;8.31;0;0;2.54113;-0.99;3.43536;7.32
9.51046;7.24349;1.26;7.17;2;1;1.28161;-0.96;3.86303;6.21
9.34063;9.27195;0.35;9.27;1;0;1.97319;-0.66;2.29366;8.61
8.99238;8.6512;0.78;8.64;0;0;2.26457;-1.66;1.64747;6.98
8.7237;8.65083;0.24;8.65;0;0;2.42711;-1.53;2.03302;7.12
14.8642;13.048;10.97;7.8;0;0;1.3855;-1.18;2.94842;6.62
8.79693;8.19274;0.98;8.2;2;1;2.00856;-0.6;2.19775;7.6
8.56037;8.55047;0.11;8.55;0;0;2.26858;-1.52;2.83421;7.03
10.0483;8.23338;1.18;8.28;2;2;1.3052;-1.17;4.62844;7.11
4.63373;4.10001;0.89;4.1;1;0;1.97624;1.13;2.74233;5.23
7.11057;4.60978;1.52;4.55;0;1;0.864091;-1.5;1.74925;3.05
6.47959;6.33051;0.33;6.33;0;0;3.1797;0.65;3.89438;6.98
7.4823;7.4;0.4;7.4;0;0;3.3218;-0.51;3.54571;6.89
8.68199;8.66037;0.17;8.66;0;0;3.56808;-1.28;3.11865;7.38
8.21214;8.20049;0.15;8.2;0;0;3.8015;-0.81;3.25306;7.39
11.5784;9.87292;10.26;0.85;0;0;1.72272;5.01;5.33316;5.86
5.92496;3.35096;0.46;3.35;0;1;0;2.09;3.45638;5.44
2.59558;0.892693;0.87;1.29;0;0;0;4.55;4.93632;5.84
12.3418;11.2291;9.09;6.86;0;0;1.37078;-1.73;2.36979;5.13
2.08526;2.05205;0.3;2.03;0;0;0;4.04;5.13193;6.07
10.5772;9.67239;9.04;3.44;0;0;1.58695;-1.56;0.991186;1.88
8.0222;8.01379;0.47;8;0;0;3.67467;-0.88;3.2934;7.12
8.75987;8.60037;0.24;8.6;0;1;2.32693;-0.5;3.64348;8.1
8.28354;7.7717;1.37;7.65;0;0;3.74341;-0.78;2.94612;6.87
8.68721;8.57963;0.72;8.56;0;0;3.41672;-1.26;2.66333;7.3
12.5716;10.8824;10.87;2.44;0;1;1.94154;4.71;5.68522;7.15
13.251;11.6159;9.59;6.67;0;0;1.79831;-1.52;3.11554;5.15
8.54935;8.11844;0.61;8.11;1;0;2.88995;-0.95;2.14463;7.16
14.8924;11.9261;10.37;7.37;0;2;1.62166;-1.39;2.59271;5.98
11.0357;10.5249;9.01;5.44;0;0;1.53553;-1.67;1.37674;3.77
7.18089;7.16587;0.29;7.16;1;0;3.72563;0.08;3.42875;7.24
8.20704;8.16177;0.27;8.16;0;0;2.09916;-0.38;2.88844;7.78
9.08097;8.59098;0.25;8.59;0;0;1.46593;-0.8;5.30935;7.79
9.05365;8.57037;1.1;8.57;1;0;3.22144;-0.84;2.98857;7.73
9.05933;8.82961;8.26;3.16;0;0;2.88067;0.98;3.07041;4.14
8.20112;8.17551;0.35;8.17;0;0;1.6355;-1.48;1.07729;6.69
7.69793;7.55265;0.53;7.55;0;0;2.03514;-1.31;1.31079;6.24
8.5854;8.56458;0.29;8.56;0;0;2.38889;-1.2;2.08977;7.36
15.0912;13.9305;11.72;7.53;0;0;1.04775;-1.58;1.57035;5.95
10.5672;10.4421;9.73;3.79;0;0;2.62552;2.2;3.84346;5.99
3.77607;3.62442;0.66;3.6;0;0;0;2.1;3.71988;5.7
11.1791;9.9491;9.4;4.01;0;2;1.80813;1.43;3.83878;5.44
4.83824;3.70872;0.85;3.92;2;0;0;-1.64;0.928;2.28
11.0517;10.2154;9.75;3.48;0;0;1.09287;2.08;2.92088;5.56
12.634;10.7848;9.84;5.03;2;1;1.38868;2.29;3.73302;7.32
2.09464;1.43781;1.32;0.97;0;0;0.99459;1.3;1.76066;2.27
4.3298;2.98429;2.98;1.4;0;1;1.21278;1.57;2.04941;2.97
2.49793;2.33985;0.59;2.3;0;0;0;2.02;3.14286;4.32
10.7002;10.5392;9.73;4.05;0;0;1.74425;1.91;4.2954;5.96
5.60592;3.20539;1.47;3.46;1;0;0;-1.54;0.732895;1.92
14.059;12.2053;10.69;6.09;0;0;1.81919;1.63;2.81945;7.72
3.20683;1.65085;1.82;1.04;0;0;0;0.78;1.35659;1.82
13.8883;11.0887;9.71;5.92;0;0;2.0165;1.64;3.22982;7.56
9.45308;8.92158;1.5;8.89;0;0;1.70569;-1.36;1.47261;7.53
8.78512;8.16064;1.28;8.14;0;0;2.30727;-1.37;1.60609;6.77
9.3924;8.84304;1.64;8.72;0;0;0;-1.29;2.39375;7.43
4.13848;4.10078;0.27;4.1;0;0;0;1.42;3.57829;5.52
10.5301;9.97025;9.53;2.97;0;0;1.33759;1.64;2.94855;4.61
9.65954;8.98203;7.2;5.37;0;0;1.79062;-1.35;2.03588;4.02
10.1496;9.56155;9.47;1.36;0;0;1.94465;5.08;5.45383;6.44
5.11473;4.74318;4.67;1.11;0;0;1.08005;3.76;4.13042;4.87
4.59652;3.73289;0.86;3.72;0;0;0;2.33;4.29913;6.05
7.74391;7.55239;0.64;7.55;1;0;2.69824;-0.65;2.51155;6.9
7.65172;7.33883;0.91;7.33;0;0;3.14015;-0.06;3.8787;7.27
8.74417;8.64005;0.43;8.64;1;0;2.57495;-0.32;3.164;8.32
3.44325;3.41775;0.29;3.41;0;0;0;1.99;3.56925;5.4
11.451;10.7719;9.22;5.63;0;0;1.8529;-1.67;2.06675;3.96
12.0661;11.6741;9.77;6.39;0;0;2.97401;1.41;4.88288;7.8
14.0475;12.2703;12.13;3.89;0;0;1.42911;4.35;5.24567;8.24
9.26203;8.68002;1.05;8.68;3;0;2.02343;-0.92;2.08;7.76
8.60212;8.5012;0.84;8.48;0;0;2.95432;-1.29;2.47309;7.19
13.8547;12.6052;11.99;3.89;0;1;2.06444;2.92;4.7089;6.81
9.20334;9.19014;0.15;9.19;1;0;3.36543;-1.53;3.12262;7.66
3.473;2.31277;1.21;2.28;0;0;0.569952;3.71;5.39196;5.99
1.03084;0.522015;0.32;0.56;0;1;0;4.36;4.61618;4.92
9.41911;9.39479;0.44;9.39;0;0;3.02429;-1.74;2.79754;7.65
10.0367;9.72105;9.3;2.83;0;0;1.88375;1.89;3.70083;4.72
6.03804;5.78157;4.99;2.92;0;0;1.85484;2.39;4.12191;5.31
8.97294;8.93085;0.45;8.92;0;0;2.0614;-0.96;2.28702;7.96
10.6881;9.46482;1.63;9.42;0;0;3.0186;-1.81;1.98595;7.61
10.9337;9.83627;9.83;1.69;0;1;1.78075;1.06;2.21756;2.75
9.76638;9.41363;8.86;3.29;1;0;1.87809;1.15;3.112;4.44
7.7927;6.63031;0.83;6.73;0;0;1.31418;-0.92;4.25605;5.81
9.67948;9.54052;0.19;9.54;0;0;1.3456;-1.94;5.59882;7.6
8.80496;8.40627;0.8;8.37;1;0;2.99632;-1.37;3.25302;7
12.8317;10.8073;9.77;4.62;0;0;1.68948;1;3.17883;5.62
8.46436;7.08102;0.2;7.74;0;1;1.27614;-0.96;3.04429;6.78
1.34729;1.27012;0.16;1.26;0;0;0.481589;-1.13;-0.259167;0.13
4.69011;1.65424;1.57;1.81;1;2;1.05662;-2.04;-0.517763;-0.23
4.10251;3.23155;0.43;3.24;0;0;0.936581;4.42;6.40721;7.66
8.06737;5.69807;1.13;5.62;0;0;1.00712;-0.72;3.28362;4.9
4.96734;4.62973;0.33;4.62;0;1;1.34646;0.12;2.3425;4.74
3.40641;1.77341;0.44;1.87;0;1;0.500996;0.6;1.80365;2.47
15.6088;14.1691;10.96;8.98;0;0;1.71691;-1.49;2.48337;7.49
5.20824;2.75656;1.11;3.59;1;0;2.45736;4.41;5.588;8
6.66039;6.48309;0.36;6.48;0;0;2.7846;1.47;4.09508;7.95
12.4439;11.1512;11.14;2.42;0;1;1.65719;3.76;4.48617;6.18
6.98019;6.39447;0.78;6.38;0;0;2.05996;0.8;4.42622;7.18
1.48738;1.21396;0.24;1.19;0;0;0.591418;-1.7;-1.22017;-0.51
9.2041;9.19001;0.13;9.19;0;0;0;-1.3;3.241;7.89
12.2251;11.2512;9.93;5.42;0;0;1.82439;-1.38;2.5867;4.04
3.87474;1.19553;0.82;1.3;1;0;0;1.24;1.97804;2.54
6.32109;6.27873;6.25;0.6;0;0;1.57316;1.48;1.67814;2.08
11.6836;10.92;9.64;5.13;0;0;1.65342;2.32;4.32008;7.45
9.76382;9.19582;8.16;4.25;0;0;1.79509;2.66;4.04927;6.91
9.81618;9.65777;8.9;3.75;0;0;1.73188;-1.68;0.579155;2.07
11.0944;8.88028;2.1;8.89;3;1;3.00735;-1.9;3.53351;6.99
12.0085;11.1346;8.84;6.85;0;0;1.66418;-1.53;2.82396;5.32
8.58976;8.27372;7.76;2.87;0;0;1.71041;-1.66;0.00912009;1.21
14.5896;9.37915;8.95;3.19;0;0;1.45789;2.95;4.22414;6.14
6.78289;6.38074;6.45;0.56;0;0;1.26604;4.31;4.53733;4.87
11.6663;11.3285;9.25;6.54;0;0;1.68157;-1.52;2.19272;5.02
6.98141;5.79346;5.51;2.81;0;1;1.6927;-1.43;-0.0772094;1.38
8.73134;8.72057;0.12;8.72;0;0;3.61938;-1.05;2.81867;7.67
7.69861;7.68016;0.14;7.68;0;0;2.24509;-0.53;2.8;7.15
8.58751;8.35853;0.79;8.33;0;0;2.52157;-0.75;4.46222;7.58
4.77306;4.61027;0.5;4.61;0;0;0;1.13;3.31609;5.74
10.6895;9.37965;9.28;2.65;0;0;1.70525;3.56;4.39865;6.21
6.06626;5.9525;0.82;5.91;0;0;2.2084;0.78;3.01623;6.69
7.43813;7.34392;0.45;7.34;0;0;2.50246;-0.07;2.65564;7.27
7.45534;5.46674;0.92;5.63;0;1;1.67788;-0.64;3.72408;4.99
9.79792;9.69297;0.45;9.69;0;0;2.84035;-1.87;3.74513;7.82
12.8093;12.0409;11.42;4.02;0;0;2.02947;2.12;4.60402;6.14
11.5254;10.2919;9.97;3.44;0;0;1.60327;1.46;3.61553;4.9
7.41542;7.21624;0.76;7.21;0;0;2.9886;-0.11;3.40479;7.1
8.2665;7.98457;0.89;7.98;0;0;3.83068;-0.58;3.2904;7.4
7.99311;7.83486;1.15;7.75;1;0;3.36792;-0.39;3.55109;7.36
8.73327;8.15186;1.02;8.12;1;0;3.079;-0.93;2.92339;7.19
9.58193;8.51143;1.58;8.38;1;0;3.2643;-1.04;2.94848;7.34
5.70914;5.6964;0.28;5.69;0;0;3.16554;1.19;3.95523;6.88
11.1103;10.4009;9.85;3.34;0;0;3.23826;1.03;1.92631;4.37
6.71625;6.5798;5.17;4.07;0;0;2.013;-1.37;0.952619;2.7
3.26814;1.36341;0.5;2.04;0;0;0;2.66;3.36615;4.7
3.51236;2.98931;1.06;2.92;0;0;0;2.19;3.56074;5.11
4.0144;2.85351;1.38;2.99;1;0;0;3.68;4.37193;6.67
1.78199;1.09041;0.27;1.14;1;2;0;5.26;5.48776;6.4
3.98007;3.1992;0.36;3.43;0;0;0;1.99;4.36889;5.42
5.52093;5.45092;0.43;5.45;0;0;0;1.28;3.94339;6.73
1.05807;0.604069;0.11;0.68;0;0;0;4.35;4.89711;5.03
2.12206;0.357771;0.61;0.55;1;0;0;4.23;4.65431;4.78
13.7716;11.5403;10.14;6.2;0;0;1.86042;-1.39;3.3657;4.81
7.56611;7.28575;3.5;6.39;0;0;3.0764;-1.33;2.15989;5.06
9.58678;9.54;8.1;5.04;0;0;2.03944;1.84;4.41242;6.88
11.5898;11.1383;10.47;3.8;0;0;2.85306;2.24;4.80248;6.04
2.63248;2.56008;0.21;2.56;1;0;1.63272;-1.43;0.0495122;1.13
4.76462;1.02694;1.17;0.95;0;0;1.1015;3.86;4.25954;4.81
12.0542;8.06598;7.94;4.28;1;1;2.40407;3.55;5.25557;7.83
13.398;12.013;10.47;6.07;1;0;1.49591;0.54;3.58372;6.61
1.99452;1.27224;0.45;1.39;0;0;0;2.34;3.45361;3.73
11.29;10.9081;10.54;2.81;0;0;1.49305;3.25;4.13881;6.06
5.16669;4.68095;0.8;4.71;0;0;0;2.03;4.13062;6.74
15.2375;13.9082;11.37;8.01;0;0;1.37937;-1.67;3.38526;6.34
9.32376;9.30065;0.32;9.3;0;0;3.76889;-1.71;2.448;7.59
3.64498;2.99282;1.15;2.89;0;0;0;3.23;4.67031;6.12
11.548;10.8421;9.37;5.59;0;0;0.986713;-1.53;1.62886;4.06
4.702;4.02204;0.92;4.01;1;1;0;1.44;3.26289;5.45
8.75611;8.58662;8.3;2.24;0;0;1.7067;-1.72;-0.1464;0.52
14.489;13.023;10.73;7.38;0;0;1.71683;-1.51;3.76547;5.87
15.2323;13.5408;10.57;8.55;2;0;1.4885;-1.73;2.19186;6.82
3.1349;2.69067;0.66;2.69;0;0;0;1.55;3.17025;4.24
11.8739;10.8085;10.03;4.15;0;1;1.01241;-1.32;1.5163;2.83
7.85636;7.5803;6.79;3.37;0;0;1.43071;-1.44;0.711643;1.93
1.29619;0.655516;0.650001;0.24;0;0;0;5.64;5.7818;5.88
11.7469;11.1615;10.41;4.3;1;0;2.01793;1.28;4.08755;5.58
9.77289;9.43076;9.49;0.56;0;0;1.7164;0.27;0.613614;0.83
3.70102;3.6844;0.18;3.68;0;0;0;2.47;4.37362;6.15
3.68971;3.66087;0.22;3.66;0;0;0;1.5;3.58878;5.16
1.60397;1.32185;0.139999;1.32;1;0;0;-0.81;0.159324;0.51
13.5287;11.7439;10.99;5.31;0;0;1.63834;0.39;1.5495;5.7
10.9684;10.3864;10.04;2.66;0;0;1.80696;0.57;2.23922;3.23
7.97906;7.64147;0.17;7.64;0;0;1.36514;-0.89;1.56262;6.75
9.6508;9.16887;1.31;9.09;1;0;3.74839;-1.61;2.57085;7.48
0.832673;0.0921955;0.09;0.28;0;0;0.446624;-1.44;-1.31178;-1.16
8.36595;7.88206;0.44;7.88;0;1;1.60773;-0.9;2.03634;6.98
3.3217;2.08137;0.490001;2.18;0;0;0;4.53;4.76182;6.71
10.6317;9.99545;10.07;0.52;0;0;1.30683;4.48;4.74901;5
1.30184;0.291548;0.19;0.49;0;1;0;4.41;4.8244;4.9
0.78891;0.198494;0.24;0.38;0;0;0;4.5;4.77883;4.88
6.1122;0.897385;0.49;2.48;0;3;0;3.96;5.00478;6.44
0.583279;0.232594;0.16;0.21;0;0;0;4.38;4.44558;4.59
11.8205;11.1716;9.96;5.06;0;0;1.61022;1.12;4.14766;6.18
2.41572;1.87385;0.33;2.01;0;1;0;3.94;4.94231;5.95
12.4776;12.019;10.42;5.99;0;0;1.58781;1.07;3.2067;7.06
2.30061;1.61524;0.64;1.61;0;0;0;3.81;4.45612;5.42
1.08335;0.490408;0.21;0.46;1;2;0;3.74;4.13621;4.2
11.4526;9.9815;9.84;3.25;2;0;1.19984;0.56;2.49523;3.81
18.5115;4.5135;4.67;8.27;1;1;2.71172;-0.96;3.26647;7.31
8.59615;8.59;0.0699999;8.59;0;0;2.57855;-1.15;2.88738;7.44
9.41609;9.26035;0.49;9.26;1;0;3.06273;-1.44;3.16957;7.82
8.41596;8.29232;0.93;8.24;0;0;3.30565;-1.24;2.63455;7
7.46644;7.43345;0.59;7.41;0;0;3.80024;-0.2;3.67175;7.21
7.78304;7.45668;2.15;7.27;0;1;2.40755;-0.42;3.12714;6.85
8.83587;8.83274;0.22;8.83;0;0;3.73;-1.16;2.97205;7.67
3.89658;3.78963;0.54;3.78;0;0;0;1.7;3.29441;5.48
17.5514;13.507;11.26;7.5;0;1;1.57249;-1.75;3.06132;5.75
6.79342;6.60049;0.65;6.6;0;0;0;1.41;3.63805;8.01
6.49788;6.20423;4.05;4.7;0;0;1.59119;-1.38;1.33406;3.32
3.15014;2.55157;1.35;2.45;0;0;0;4.37;5.51288;6.82
11.3329;10.2846;9.31;4.47;0;0;1.98182;-0.05;3.38359;4.42
12.3963;11.1872;10.44;4.02;0;0;1.8788;1.94;3.78953;5.96
12.6952;11.8707;9.73;6.8;0;0;1.66887;-1.61;2.9966;5.19
6.18465;5.87872;0.79;5.87;0;0;0;1.99;4.02467;7.86
12.8877;12.0832;9.45;7.55;0;0;1.5463;-1.59;3.37861;5.96
15.8139;14.183;11.18;8.84;0;0;1.37865;-1.68;3.7638;7.16
10.0139;9.63324;0.81;9.63;1;0;1.48574;-1.79;3.17955;7.84
10.9378;10.4585;9.59;4.33;0;0;1.67203;1.46;3.21579;5.79
11.01;10.8561;9.61;5.05;0;0;1.91155;0.96;3.63335;6.01
13.0986;9.85772;7.74;7.62;0;0;1.78517;-1.57;4.3606;6.05
11.7252;11.3607;8.73;7.27;0;0;2.09446;-1.51;2.48255;5.76
1.63986;1.51268;0.15;1.51;0;0;0;2.11;2.76931;3.62
9.82083;9.44693;9.26;2.08;0;1;1.50658;5.48;6.22995;7.56
12.1196;11.0541;9.07;6.64;0;0;2.05438;-1.38;3.02869;5.26
8.30368;8.27967;0.4;8.27;0;0;3.90959;-0.75;3.07238;7.52
3.62332;3.57035;0.21;3.57;0;0;0;1.28;3.53413;4.85
4.86484;4.54274;4.53;0.8;0;0;1.95305;3.9;4.34129;4.7
10.6115;9.34966;9.21;1.61;0;1;1.48557;-1.4;-0.158957;0.21
8.7633;8.75112;0.22;8.75;0;0;3.7948;-1.14;2.86818;7.61
11.3738;11.0585;10.01;4.7;0;0;1.59924;0.12;3.03326;4.82
3.82508;3.72156;3.44;1.42;0;0;2.03303;0.97;1.80188;2.39
10.3657;9.97102;7.14;7;0;0;2.00472;-1.31;2.66679;5.69
3.73375;3.66191;3.64;0.4;0;0;0.961079;2.34;2.4899;2.74
8.32629;7.70374;7.6;2.07;0;0;1.37402;-0.85;0.678679;1.22
4.75185;4.16203;2.67;3.34;0;0;0.843744;-1.51;0.471361;1.83
3.00353;2.90167;0.37;2.89;0;0;0;2.06;3.31967;4.95
12.5612;12.1239;10.46;6.13;0;0;2.1326;0.6;4.1122;6.73
2.85611;2.29582;0.96;2.18;1;0;0;1.43;3.03829;3.61
16.3338;10.6519;10.88;4.36;1;2;1.61813;3.19;5.51976;7.55
13.6353;10.9199;10.72;3.61;0;0;1.78995;-1.66;1.22151;1.95
10.5457;9.84394;9.26;3.39;0;0;1.33694;1.31;3.38279;4.7
11.5851;10.9859;10.7;2.51;0;1;1.56716;3.91;4.71344;6.42
7.58426;7.27237;0.57;7.25;0;0;2.11998;-0.12;2.28826;7.13
8.13607;8.04191;0.95;8;0;0;1.95591;-0.84;2.05969;7.16
8.48288;8.48038;0.0799999;8.48;0;0;3.1209;-1.4;2.72708;7.08
3.37547;1.75693;0.7;1.8;0;0;0;2.84;3.15874;4.64
8.73127;8.66201;8.32;2.44;0;1;1.99317;0.32;1.5107;2.76
12.319;10.2621;9.77;4.14;0;1;1.24374;-1.54;1.36234;2.6
3.65727;2.1315;0.23;2.36;0;1;0;2.19;3.52652;4.55
4.17127;4.05149;0.44;4.05;0;0;0;1.91;3.8425;5.96
1.49575;1.40071;0.24;1.4;0;0;0.36126;-1.08;0.0366346;0.32
2.52692;1.71327;0.88;1.47;1;0;0.497178;-1.59;-0.355648;-0.12
3.03085;2.98168;0.14;2.98;0;0;1.30274;3.94;5.1078;6.92
9.36991;8.50621;1.56;8.4;0;0;2.45954;-0.77;2.45023;7.63
6.85009;6.80047;0.27;6.8;0;0;2.27899;0.07;2.71408;6.87
8.10932;8.07201;0.28;8.07;0;0;3.07788;-1.19;2.494;6.88
9.18278;9.17397;0.3;9.17;0;0;3.28005;-1.45;3.45146;7.72
16.2744;12.8575;9.87;8.24;0;1;1.6589;-1.29;3.54028;6.95
6.26768;4.75001;1.64;4.49;0;0;0;2.73;4.49922;7.22
3.86706;2.70098;1.23;2.9;1;0;0;4.03;5.22843;6.93
2.72769;2.02252;1.45;1.82;0;0;0;4.31;5.24465;6.13
11.3301;10.8227;9.15;5.78;0;0;1.95865;-1.5;2.03263;4.28
13.5355;12.3316;10.04;7.29;0;1;2.09456;-1.59;2.74172;5.7
2.32674;2.25322;2.07;0.95;0;0;1.41681;1.96;2.4922;2.91
12.7439;12.2546;8.59;8.74;0;0;1.73917;-1.58;1.75699;7.16
9.22299;8.65069;1.69;8.53;0;0;1.86123;-1.44;2.16491;7.09
9.07962;8.9965;0.69;8.97;0;0;2.3594;-1.4;2.7699;7.57
7.04872;7.0212;0.21;7.02;0;0;2.93073;0.1;3.08922;7.12
5.15918;4.4854;4.67;0.6;0;1;1.60874;6.71;6.94104;7.31
6.73081;4.9946;5.13;1.65;1;0;1.39279;-0.37;0.982542;1.28
9.69127;7.74209;7.43;3.65;1;0;1.69205;-1.59;0.681857;2.06
2.53378;2.51127;1.57;1.96;0;0;1.46908;-1.39;-0.320952;0.57
4.05074;2.41006;1.2;2.3;0;0;0;2.6;3.30921;4.9
15.5883;14.2311;11.89;7.86;0;0;1.46127;-1.36;3.41512;6.5
10.543;9.6927;9.22;3.13;0;0;1.50353;-1.52;0.936878;1.61
0.757077;0.594054;0.349999;0.48;0;0;0;0.81;1.1036;1.29
1.9919;1.73367;0.559999;1.66;1;0;0;-0.53;0.476308;1.13
2.52823;2.03404;1.67;1.4;1;0;0;0.94;1.96803;2.34
11.8518;10.558;8.91;5.75;0;0;1.34525;2.42;3.98185;8.17
14.8237;14.138;11.32;8.47;0;0;1.79328;-1.74;3.14901;6.73
14.6389;13.9594;10.98;8.67;0;0;1.68916;-1.67;2.69657;7
16.697;14.2075;11.37;8.69;1;0;1.47444;-1.75;3.17586;6.94
4.04475;4.00532;0.35;3.99;0;0;0;2.25;4.08103;6.24
8.15387;7.75421;7.54;2.05;0;0;1.55694;-1.51;0.0668149;0.54
8.84358;8.20023;1.39;8.14;0;0;3.54534;-0.73;3.421;7.41
8.74709;8.42526;1.48;8.39;1;0;3.55466;-1.14;3.52154;7.25
4.01268;0.91;1.82;1.37;0;0;0;5.33;5.66896;6.7
10.8013;9.2181;9.01;3.76;0;1;1.34911;1.75;4.20364;5.51
1.4901;1.25718;0.6;1.14;0;0;0;2.02;2.4965;3.16
13.6767;12.108;9.43;7.86;1;0;1.77627;-1.57;3.09507;6.29
4.30218;3.54457;0.76;3.54;0;0;0;2.4;3.89512;5.94
12.9017;12.096;10.02;6.89;0;0;1.9374;-1.03;3.42472;5.86
2.19539;1.66027;1.47;1.11;0;0;0;3.11;3.26816;4.22
11.0197;10.448;10.41;0.89;0;0;1.36753;2.2;2.69669;3.09
2.05787;1.35871;1.14;1.14;0;0;0;4.94;5.35176;6.08
10.9003;10.6473;10.48;1.96;0;1;1.6622;4.88;5.50074;6.84
0.368284;0.192354;0.2;0.12;0;0;0;4.53;4.58505;4.65
11.3188;10.6462;10.59;2.26;0;0;1.70975;4.26;4.89445;6.52
2.80866;1.26372;0.969999;1.07;0;0;0;3.33;3.76988;4.4
9.22516;8.81415;8.54;2.36;0;0;2.09429;1.02;2.53943;3.38
2.83439;2.77996;2.11;1.81;0;0;1.34028;2.35;3.22344;4.16
7.08281;6.58997;5.46;3.69;0;0;1.50598;-1.66;0.40124;2.03
6.75896;6.40703;6.06;2.24;0;0;1.51845;-1.17;0.44829;1.07
8.65288;8.44822;7.15;4.5;0;0;1.01179;-0.32;2.01755;4.18
11.2752;10.8292;8.22;7.05;0;0;1.75966;-1.7;2.32687;5.35
5.9451;5.76238;5.37;2.09;0;1;1.19578;5.06;5.77031;7.15
3.93355;2.59002;1.31;2.59;1;0;0.939414;-1.62;-0.226353;0.97
2.52818;2.08943;1.56;1.6;0;0;0;3.75;4.0975;5.35
0.521422;0.15297;0.0700001;0.25;1;0;0;3.94;4.04446;4.19
12.8551;11.3145;9.69;6.02;0;0;1.59818;-1.8;2.79196;4.22
7.02856;5.17009;0.15;6.09;0;1;2.66955;-1.56;0.858525;4.53
8.99968;8.64521;0.93;8.64;2;0;2.32861;-1.45;3.11443;7.19
6.68511;6.4205;0.4;6.46;0;1;2.45326;0.54;4.21912;7
8.61551;8.53035;0.42;8.52;0;0;1.15336;-1.44;3.82898;7.08
8.2355;6.70048;0.28;6.77;1;0;1.26671;-0.89;3.39555;5.88
6.13747;5.69155;1.23;5.61;0;0;1.7784;0.57;2.87176;6.18
11.7931;7.812;1.5;7.92;1;2;1.17403;-0.88;4.69418;7.04
6.74354;6.73019;0.0700001;6.73;0;0;1.95558;0.42;4.26437;7.15
4.20289;3.88218;0.57;3.88;0;0;0;1.95;3.83078;5.83
14.735;12.8465;10.55;7.71;0;1;1.27477;-1.81;2.42338;5.9
3.20843;3.136;1.97;2.44;0;0;0;3.04;4.1675;5.48
3.05278;2.31976;0.82;2.41;0;1;1.6131;4.9;5.68898;7.31
4.60153;4.53089;0.18;4.53;0;0;2.24407;2.83;4.51308;7.36
5.65212;5.35023;0.47;5.35;1;0;0;1.12;3.7038;6.47
17.4372;13.0613;11.24;6.72;0;1;1.77855;-1.03;4.05494;5.69
2.01048;1.18512;1.37;0.67;0;0;0;5.11;5.29484;5.78
4.73379;4.64186;4.35;1.62;0;0;1.6554;5.12;5.69382;6.74
0.633956;0.0316228;0.22;0.11;1;0;0;0.32;0.371348;0.43
1.16923;1.06607;0.86;0.63;0;0;0;3.4;3.75175;4.03
9.09182;8.46695;8.22;2.46;0;0;2.14042;-1.52;0.382333;0.94
11.8164;10.9806;9.74;5.17;0;0;1.9035;-1.55;1.87247;3.62
4.73194;3.17039;0.82;3.17;0;0;0;2.24;3.93024;5.41
12.7957;11.5;10.08;5.59;0;0;1.38866;-1.46;2.31222;4.13
9.22203;8.48156;1.48;8.42;2;1;1.31789;-1.35;1.22937;7.07
8.37443;8.33163;0.44;8.32;0;0;2.16675;-0.47;2.5926;7.85
11.8948;10.6328;9.14;5.91;0;0;2.06193;-1.52;2.48647;4.39
9.73628;1.2621;1.19;4.97;1;1;0;1.7;3.1222;6.67
10.3412;9.71409;8.94;3.95;0;0;1.63998;-1.43;1.32285;2.52
15.1375;13.2273;10.69;7.89;1;0;1.52958;-1.4;2.86767;6.49
1.18628;1.12219;0.14;1.12;0;0;0;5.04;5.74083;6.16
7.76691;7.42507;5.74;4.75;0;0;1.69066;-1.73;1.10363;3.02
10.9888;9.78503;8.75;4.38;1;0;1.53451;2.83;3.9404;7.21
5.97259;5.35076;0.97;5.35;0;0;0;2.1;4.23121;7.45
4.099;4.00031;0.34;4;0;0;0;2.27;4.23949;6.27
9.87885;8.85138;8.13;3.5;0;1;1.68868;2.28;4.11843;5.78
4.67703;2.6685;2.11;2.01;1;0;1.49038;3.63;4.51671;5.64
16.4316;11.32;12.41;4.7;2;1;2.14586;1.66;3.91235;6.36
4.45803;4.35828;4.05;1.61;0;0;1.60956;2.43;3.40861;4.04
7.64298;6.50847;0.84;6.87;0;0;1.90368;0.23;2.32648;7.1
7.38091;6.81487;1.02;6.8;1;0;2.24632;0.12;2.55049;6.92
8.9028;8.90028;0.0799999;8.9;0;0;3.15365;-0.84;3.40212;8.06
10.5328;10.3324;9.75;3.42;0;0;3.48949;1.92;3.61049;5.34
10.1149;8.91724;8.26;3.36;0;0;1.53582;-1.66;0.647454;1.7
3.0227;0.986813;1.03;1.27;0;0;0;2.11;3.02608;3.38
0.48129;0.390128;0.07;0.39;0;0;0;1.64;1.94568;2.03
11.5086;9.72849;9.1;4.11;0;0;1.89883;-1.35;1.88009;2.76
7.50423;7.42082;0.46;7.42;1;0;3.18348;-0.65;2.74961;6.77
3.5495;3.34001;0.28;3.34;0;0;0;2.28;3.52309;5.62
3.20008;2.66102;2.58;1.25;1;0;2.2721;4.22;4.81554;5.47
8.47832;8.32406;7.58;3.44;0;0;1.73058;0.67;2.70721;4.11
9.37814;9.18824;9.12;1.43;0;0;2.47784;1.77;2.21657;3.2
5.48945;5.45;0.36;5.44;0;0;1.85319;-1.8;1.70288;3.64
7.45571;6.46692;5.9;2.67;0;0;1.06662;3.6;4.44386;6.27
10.5905;10.2108;10.1;1.69;0;1;1.80047;5.21;5.6339;6.9
11.5685;9.4431;8.99;2.96;0;0;1.17549;-1.36;0.266356;1.6
12.2237;11.1099;11.1;2.42;0;0;1.47341;4.13;5.12737;6.55
6.42219;6.28212;6.27;0.45;0;0;1.42746;1.54;1.85132;1.99
3.08547;3.02293;2.95;0.66;0;0;1.30823;-0.54;-0.128814;0.12
6.10479;4.96461;3.5;3.57;1;0;1.79103;0.01;1.70333;3.58
2.1373;2.00848;1.24;1.58;0;0;0;5.22;5.6569;6.8
10.2814;9.93703;9.24;3.83;0;0;1.81414;1.59;3.68513;5.42
8.65729;8.63005;0.2;8.63;1;0;3.22989;-1.35;2.79103;7.28
9.32369;8.78911;1.34;8.72;1;0;1.76817;-1.37;3.18672;7.35
7.46259;6.59049;0.8;6.59;0;0;0.634316;-0.92;4.39312;5.67
15.2315;14.1303;11.62;8.04;0;0;1.98249;-1.38;3.5698;6.66
7.77681;7.64963;0.87;7.6;0;0;2.38404;0.21;3.20747;7.81
7.54636;7.46821;0.39;7.46;1;0;2.23804;-0.02;3.1086;7.44
6.693;6.66012;0.22;6.66;1;0;1.90526;0.12;2.76093;6.78
3.14212;3.10413;0.21;3.1;0;0;0;2.91;4.54245;6.01
3.40444;3.246;0.55;3.22;0;0;0;2.83;4.45978;6.05
3.87452;3.64351;0.41;3.64;0;0;0;2.39;3.77159;6.03
2.40345;2.38113;0.24;2.37;0;0;0;2.3;3.48195;4.67
8.04543;0.680074;0.65;4.03;3;2;0;1.5;3.46655;5.53
11.2825;10.4775;9.86;3.68;0;0;1.69317;-1.37;1.25284;2.31
8.92374;8.63746;8.24;2.59;0;0;1.70852;-1.5;0.266917;1.09
12.1201;11.4949;9.04;7.1;0;0;1.42123;-1.66;2.55313;5.44
10.8781;10.6282;9.16;5.39;0;0;1.61145;0.09;3.19988;5.48
11.5178;11.0705;9.31;5.99;0;0;1.58304;-1.54;2.03103;4.45
8.8506;1.92;0.12;5.38;0;0;0;-1.24;2.14977;4.14
15.3784;11.4161;10.08;7.72;1;0;1.78431;-1.55;3.30398;6.17
11.7446;11.6102;10.69;4.53;0;0;1.42723;1.95;3.9723;6.48
8.51394;8.39649;0.339999;8.39;1;0;0;-1.39;2.18246;7
5.04728;4.89781;4.42;2.11;0;0;1.10751;3.56;4.67926;5.67
6.5363;6.26919;5.39;3.38;0;0;1.66531;0.16;1.99768;3.54
14.1447;13.6861;10.92;8.25;0;0;2.53033;-1.6;2.93167;6.65
11.882;9.97567;9.87;3.16;0;1;0.728851;-1.68;0.810515;1.48
9.06955;8.21299;8.02;2.32;0;0;1.58113;-1.25;0.582598;1.07
10.3019;9.45973;9.61;1.37;0;0;2.21569;1.78;2.16461;3.15
11.8293;11.2961;11.13;1.93;0;0;1.67199;4.5;5.22014;6.43
8.52193;8.22344;0.97;8.21;1;0;2.14715;-1.24;1.90833;6.97
2.0647;2.06119;0.0699997;2.06;0;0;0;-1.32;0.0717857;0.74
8.14874;6.81297;6.19;3.19;0;0;1.73056;0.62;2.15175;3.81
5.29998;5.09698;4.36;2.64;0;0;1.70982;3.93;5.01215;6.57
3.42326;3.36006;0.27;3.36;0;0;0;1.49;3.4508;4.85
1.26274;0.912634;0.87;0.52;0;0;0;5.3;5.49045;5.82
6.14411;4.59;4.12;2.21;0;1;1.15157;3.02;3.86842;5.23
14.1639;11.9074;9.83;6.72;1;0;1.33839;-1.38;3.31191;5.34
12.5959;11.5319;10.2;5.38;0;0;1.78572;0.44;2.82706;5.82
11.4594;10.4625;8.23;6.46;0;0;1.83064;-1.66;2.62943;4.8
7.96849;7.96063;0.11;7.96;0;0;2.50305;-0.61;2.52213;7.35
8.29211;8.14791;0.62;8.13;0;0;3.25611;-0.98;2.43136;7.15
9.96936;9.34154;8.88;3.11;0;0;2.59229;-1.57;0.756822;1.54
10.95;10.1944;9.98;2.45;0;0;2.07266;-1.5;0.0968874;0.95
11.6386;11.3219;10.24;4.83;0;0;1.51013;1.36;3.44756;6.19
3.13834;3.05059;0.14;3.05;0;0;1.28834;-1.48;0.445806;1.57
6.46993;6.39135;6.22;1.47;0;0;1.13209;-0.74;0.132388;0.73
10.3349;10.2043;9.34;4.11;0;0;1.62906;-0.37;1.85144;3.74
12.8269;11.9546;9.49;7.27;0;0;1.63017;-1.45;2.98395;5.82
3.81125;3.71286;3.57;1.02;0;0;1.54563;4.02;4.6129;5.04
11.4969;10.9113;9.47;5.42;0;0;1.76306;-0.74;2.53911;4.68
4.70066;4.67052;0.21;4.67;0;0;0;1.02;3.51875;5.69
10.5045;10.2418;9.35;4.21;0;0;1.97526;1.7;3.65244;5.91
5.47497;4.69233;1.47;4.52;0;0;1.8448;-0.72;0.861077;3.8
8.22649;8.07015;0.46;8.07;1;0;2.65405;-1.17;1.86833;6.9
10.5449;10.1547;8.97;4.76;0;0;1.37379;-1.73;1.30605;3.03
15.441;12.105;11.06;5.01;0;1;1.78383;1.57;4.57493;6.58
11.5739;11.146;8.9;6.71;0;0;1.6363;-1.58;2.30251;5.13
1.13891;0.848764;0.53;0.7;0;0;0;2.31;2.66635;3.01
3.17315;1.78709;0.52;1.76;0;0;0;2.11;2.9163;3.87
10.8281;10.4837;9.61;4.19;0;0;1.54627;-1.58;1.20422;2.61
4.13999;3.13651;1.49;3.02;0;0;0;4.34;6.02595;7.36
9.30554;9.08207;8.62;2.97;0;0;3.07999;1.05;2.93077;4.02
11.5297;10.8129;9.54;5.09;0;0;1.39825;-1.58;1.78144;3.51
4.04627;3.4915;1.23;3.41;1;0;0;1.36;3.40018;4.77
4.029;3.98704;0.83;3.91;0;0;0;2.2;3.7438;6.11
3.72496;1.79477;1.74;1.22;0;1;0;6.33;6.68974;7.55
2.65832;0.0538516;0.86;0.94;1;0;0;5.17;5.43708;6.11
8.1616;7.66353;6.76;3.67;0;0;2.05316;1.4;3.73884;5.07
10.9915;10.863;9.98;4.34;0;1;1.9878;0.51;2.66448;4.85
12.4487;11.3884;10.44;4.71;0;1;1.48637;0.56;3.83702;5.27
11.7508;10.6766;9.63;4.76;0;0;1.54386;-1.31;2.18755;3.45
3.68002;3.18779;0.66;3.23;0;0;0;1.81;3.58871;5.04
3.65996;0.802808;0.78;0.95;0;0;0;2.01;2.50207;2.96
11.8747;11.2798;10.02;5.18;0;0;1.6464;-1.66;1.96343;3.52
6.79268;5.42517;2.97;4.58;1;2;1.1413;1.46;3.29495;6.04
6.90731;5.51094;5.45;2.76;1;0;1.77054;2.58;4.41918;5.34
6.52877;6.13805;5.99;1.66;0;0;1.35193;0.92;1.99172;2.58
10.444;10.1899;8.46;5.68;0;0;1.7463;-1.39;2.19128;4.29
8.06912;7.93124;0.63;7.93;1;0;3.06422;-0.89;2.5385;7.04
9.48579;9.0393;1.26;9.03;0;0;3.18354;-1.45;2.50967;7.58
2.24159;2.00302;1.15;1.64;0;0;0;-0.75;0.184255;0.89
8.42463;2.09122;1.82;3.36;3;1;0;4.43;5.4045;7.79
12.1075;10.6959;10.65;2.7;0;0;1.70571;3.22;4.03846;5.92
12.442;10.4206;10.21;4.39;0;2;1.27955;0.76;2.63475;5.15
3.19784;3.1691;0.25;3.16;0;0;0;4.55;6.42365;7.71
2.53427;0.261725;0.52;0.82;1;0;0;6.18;6.42451;7
9.11703;8.61423;8.19;2.9;0;0;1.63959;-1.52;0.622875;1.38
0.811999;0.0707107;0.1;0.34;0;0;0;6.53;6.7778;6.87
3.46752;2.70276;0.63;2.7;0;0;0.464028;5.01;5.38239;7.71
1.32745;0.820061;0.08;1.01;0;0;0.229147;6.97;7.27469;7.98
3.18702;3.11925;0.35;3.11;0;0;0;2.76;4.38448;5.87
16.5393;14.5261;11.41;8.99;0;0;1.5543;-1.82;3.15813;7.17
10.7015;10.5114;9.56;4.41;0;0;2.54577;1.37;3.87432;5.78
4.54032;1.46741;0.469999;2.86;0;0;0;-1.4;0.832307;1.46
11.6306;11.1396;10.25;4.59;1;0;1.74092;1.36;3.03995;5.95
5.88907;5.67412;0.79;5.66;1;0;0;1.47;4.82563;7.13
8.83379;8.5856;0.84;8.58;0;0;3.74079;-1.31;2.67279;7.27
14.3973;13.1298;10.9;7.32;0;0;1.70622;-1.53;2.80811;5.79
7.27923;7.0412;6.76;2.08;0;1;1.81051;-1.73;-0.23;0.35
4.0558;4.02195;3.69;1.6;0;0;2.06123;-1.31;-0.404706;0.29
6.52814;6.37385;6.18;1.56;0;0;1.29566;-1.52;-0.477903;0.04
2.85993;2.5005;1.09;2.26;1;0;0;5.39;5.84642;7.65
12.8812;12.3215;10.49;6.65;0;0;1.79311;-1.37;2.55784;5.28
4.43866;4.41056;0.23;4.41;0;0;0;1.56;3.60125;5.97
7.33764;5.91156;0.64;5.88;0;0;1.61658;1.6;3.10035;7.48
6.56017;4.33094;0.17;4.67;0;2;1.29186;2.9;4.1446;7.57
7.55981;7.55003;0.1;7.55;0;0;3.21634;-0.75;2.6887;6.8
18.8986;13.1361;10.89;7.92;2;1;1.91205;-1.48;1.73197;6.44
0.845692;0.072111;0.22;0.17;0;0;0;5.23;5.27707;5.4
14.059;10.15;10.56;3.24;1;0;1.906;2.38;4.46395;5.62
12.1813;11.6933;9.97;6.11;0;0;1.47197;-1.43;1.6991;4.68
7.77695;7.77126;0.16;7.77;0;0;3.02107;-0.58;2.55083;7.19
8.7964;8.61366;1.28;8.56;0;0;0;-1.4;2.6015;7.16
3.74436;2.98819;1.82;2.37;0;0;0;4.94;5.40931;7.31
13.4325;11.5217;9.52;6.5;0;0;1.21281;-1.65;3.13897;4.85
4.96508;1.18849;1.12;1.2;0;1;0;4.81;5.2894;6.01
13.7681;12.2859;10.71;6.15;0;0;1.29854;-0.96;3.62023;5.19
10.9442;10.3961;7.26;7.48;0;0;1.71029;-1.51;2.75969;5.97
9.13167;9.00605;0.7;9;1;0;3.65039;-1.73;3.08597;7.27
8.84444;7.37869;0.74;8.04;0;1;2.01157;-1.29;2.02963;6.75
8.68534;8.28102;0.94;8.28;1;0;2.10681;-1.43;1.75481;6.85
8.72612;8.45991;1.1;8.44;1;0;2.94297;-1.62;2.46;6.82
10.5004;9.82146;9.56;2.55;1;0;1.65287;-1.59;0.361377;0.96
13.6036;12.5199;11.71;4.43;0;1;1.38877;2.26;3.92673;6.69
11.9517;11.6673;10.23;5.61;0;0;1.68552;1.2;3.42622;6.81
13.1075;11.8471;10.84;4.78;0;0;2.72107;2.06;3.40638;6.84
11.7654;11.2746;10.41;4.33;0;0;1.49642;0.89;3.29091;5.22
11.4426;10.0538;9.39;4.94;0;1;1.83377;0.5;3.55603;5.44
8.98787;8.56058;0.71;8.56;3;0;1.94814;-1.24;1.68235;7.32
8.90921;8.9011;0.2;8.9;0;0;2.95532;-1.57;2.26477;7.33
8.80197;8.79164;0.17;8.79;0;0;2.9648;-1.44;2.52925;7.35
12.705;9.39603;8.59;5.44;0;0;2.00651;0.1;3.69348;5.54
9.49171;8.63362;7.87;3.8;0;0;2.43365;-0.44;2.30872;3.36
5.61983;5.55177;0.45;5.55;0;0;0;1.26;3.6828;6.81
11.1582;10.4702;7.97;6.79;0;0;1.75165;-1.48;2.6995;5.31
11.056;9.07333;8.23;3.82;1;0;1.402;-1.66;0.718063;2.16
5.21931;4.44922;4.4;0.84;1;0;1.31604;0.51;0.955306;1.35
13.043;12.8743;10.25;7.79;0;0;1.5893;-1.36;2.44242;6.43
9.62307;9.42223;9.09;2.48;0;0;1.49968;-1.38;0.231242;1.1
4.83865;4.74558;0.47;4.74;0;0;0;1.56;4.02177;6.3
0.23;0.13;0;0.13;0;1;0;1.21;1.25233;1.34
10.1909;8.89056;8.62;3.37;0;0;1.5496;-1.38;1.16306;1.99
12.5449;12.1666;10.55;6.21;0;1;1.7042;-1.43;1.93119;4.78
3.84181;3.8166;3.2;2.08;0;0;1.92007;1.71;2.8452;3.79
5.16976;4.50166;1.03;4.43;1;1;1.90986;-2.03;0.452549;2.4
14.1012;11.9233;11.92;1.79;0;0;1.58641;4.42;4.84627;6.21
8.36156;8.11282;7.87;2.1;0;0;1.16841;-1.59;-0.13709;0.51
8.11798;7.85089;1.89;7.62;0;0;2.80979;-1.17;1.70136;6.45
8.52641;8.42608;0.88;8.38;0;0;3.44887;-1.13;2.62696;7.25
2.89317;1.77234;1.73;1.51;0;0;0.880592;4.33;4.73805;5.84
1.77669;0.402616;0.78;0.41;0;0;0;4.82;4.96524;5.23
10.4269;9.97238;9.22;3.8;0;0;1.52192;1.1;3.48957;4.9
7.22918;7.03793;0.86;6.99;0;0;2.09911;-0.18;2.18697;6.81
7.72065;7.46011;0.16;7.56;0;0;2.4219;-0.83;2.17742;6.73
6.59337;6.23773;0.9;6.22;0;0;2.43284;0.82;3.18754;7.04
8.99933;8.81093;8.32;2.9;0;0;1.28312;1.88;3.52871;4.78
8.73902;8.29005;1.12;8.29;1;0;2.89675;-1.44;2.0421;6.85
14.1273;12.2339;9.97;7.09;0;0;1.47532;0.94;3.66522;8.03
7.09813;6.87393;6.03;3.34;0;0;1.72853;2.06;3.87187;5.4
8.06007;7.94063;0.61;7.94;0;0;3.56302;-0.83;2.99837;7.11
2.20561;2.20002;0.0299997;2.2;0;0;0;0.86;2.21225;3.06
10.7526;9.95766;9.55;3.15;0;0;1.8881;-1.38;0.987824;1.77
9.52051;9.12716;8.83;2.5;0;0;1.39062;-1.65;0.160355;0.85
8.04597;7.86206;6.18;4.86;0;0;1.68397;-1.5;1.22057;3.36
13.4254;12.7016;11.08;6.21;0;0;2.01992;0.1;3.53807;6.31
2.12077;1.60527;1.28;1.26;1;1;0;4.66;5.24773;5.92
10.1299;9.69343;9.27;3.07;0;0;1.80266;1.97;4.01329;5.04
14.517;13.3012;11.97;5.8;1;0;1.59864;0.16;3.41245;5.96
11.5004;10.8885;10.93;1.19;0;2;1.81969;5.03;5.32262;6.22
2.58135;1.85262;1.38;1.63;1;1;0;1.95;2.80253;3.58
4.37579;4.31261;0.35;4.31;0;0;0;1.75;3.90464;6.06
13.0196;11.6611;9.87;6.28;0;0;1.35176;-1.8;2.7503;4.48
10.5768;9.68303;9.17;3.5;0;0;1.54216;-1.45;1.08104;2.05
6.31268;6.17254;5.99;1.56;0;1;1.80605;-1.38;-0.349667;0.18
1.35185;0.941541;0.81;0.58;0;0;0;2.73;2.85513;3.31
12.8071;12.0213;10.78;5.32;0;0;1.41714;0.09;3.61894;5.41
10.5725;10.1071;9.05;4.5;0;0;1.34369;-1.59;1.09662;2.91
4.59233;4.41617;4.15;1.62;0;0;1.86918;-1.37;-0.317077;0.25
12.1788;11.5659;9.93;5.93;0;0;1.9301;-0.87;2.92827;5.06
7.05102;5.41407;0.9;5.41;1;1;0;1.28;4.19607;6.69
12.6749;12.1094;10.2;6.65;0;0;1.39147;-1.37;2.23349;5.28
8.42381;8.40215;0.27;8.4;1;0;0;-1.27;2.68651;7.13
7.85011;7.84001;0.06;7.84;0;0;1.80694;-1.13;1.34585;6.71
9.28667;8.65522;1.56;8.62;0;0;2.39859;-1.66;1.2574;6.96
8.45657;8.29031;7.58;3.38;0;0;2.16888;4.27;6.28253;7.65
4.49093;4.44461;3.89;2.15;0;0;2.16957;2.05;2.98717;4.2
12.2822;11.1605;10.54;3.86;0;1;2.3912;2.27;4.20886;6.13
18.3123;10.0822;9.95;6.93;1;1;1.63994;-0.9;0.699264;6.03
4.56826;4.50054;0.36;4.5;0;0;0;1.3;3.45111;5.8
14.236;13.1962;10.83;7.54;0;1;1.57916;-1.66;3.47498;5.88
11.9657;11.7588;10.68;4.92;0;0;1.86057;2.18;4.4907;7.1
7.36806;7.264;6.91;2.24;0;1;1.92241;1.54;2.54186;3.78
4.26134;1.22589;0.85;1.11;0;3;0;2.09;2.56744;3.2
6.16294;5.48033;0.44;5.48;1;0;0;1.05;3.70345;6.53
8.99628;8.55673;2.04;8.31;0;0;2.0826;-1.29;2.07116;7.02
10.3697;8.74303;0.77;8.74;1;2;2.29109;-1.52;2.68947;7.22
2.95585;2.59656;0.99;2.45;1;0;0;2.2;3.11854;4.65
11.2365;10.4371;8.63;5.87;0;0;1.57149;0.39;2.44436;6.26
8.41045;7.66593;7.56;1.27;0;0;0.903533;-0.81;0.0399615;0.46
5.63638;5.53044;0.43;5.53;0;0;0;1.92;4.5648;7.45
5.68938;3.99552;0.86;4.2;1;0;0;2.13;5.14307;6.33
1.61216;1.30361;0.37;1.28;0;0;0.555843;-0.82;-0.21;0.46
1.78459;1.38192;0.72;1.3;0;1;0.835683;-0.63;-0.0863265;0.67
0.717728;0.401621;0.45;0.13;0;0;0.384041;-1.2;-1.13809;-1.07
6.53374;2.64824;1.63;2.69;2;1;0;3.45;4.54784;6.14
4.28301;3.01438;3.02;1.4;0;1;1.61355;1.91;2.37696;3.31
7.81253;7.78016;0.16;7.78;0;0;2.39569;-0.95;1.94797;6.83
8.43206;8.10196;1.06;8.09;2;0;2.93448;-0.99;2.646;7.1
10.2522;9.52725;9.22;2.93;0;0;1.82838;-1.58;0.568571;1.35
15.5063;14.548;11.43;9;0;0;1.58426;-1.35;2.08703;7.65
11.6918;10.4651;9.62;4.12;0;0;2.55802;1.25;2.36099;5.37
8.26598;8.10247;6.6;4.7;0;1;1.5105;-1.41;1.35948;3.29
8.89173;8.60192;8.13;2.81;0;0;1.68461;-1.45;0.535408;1.36
7.25294;6.93965;6.78;1.48;1;0;1.21173;-1.1;-0.1912;0.38
12.9807;12.3646;10.44;6.78;1;0;1.90394;-1.24;2.63604;5.54
7.45532;6.87106;6.67;2.14;0;0;1.57753;-1.39;0.181008;0.75
23.0011;4.13943;5.69;9.67;0;1;2.68445;-1.6;2.39308;8.07
5.0343;5.03049;0.0900002;5.03;0;0;0;-1.51;0.5855;3.52
11.9348;10.6722;10.58;1.89;0;0;1.61492;5;5.58621;6.89
11.8536;11.4136;9.99;5.52;0;0;1.21246;1.01;3.03256;6.53
11.4293;11.0173;9.41;5.73;0;0;1.66469;-1.4;2.16995;4.33
5.26892;5.20999;0.81;5.16;0;0;0;2.35;4.2987;7.51
15.5688;13.0865;11.53;6.19;0;0;1.41091;-0.88;2.30604;5.31
15.0155;13.7682;11.07;8.32;0;0;1.08059;-1.36;1.93431;6.96
1.34441;0.104403;0.33;0.43;0;0;0;5.04;5.2394;5.47
12.5679;11.275;11.25;2.62;0;0;1.76631;3.89;4.68562;6.51
8.90571;8.74488;1.65;8.61;0;0;3.41922;-0.87;2.97043;7.74
7.9126;7.82229;1.81;7.61;0;0;3.46889;-0.42;3.04171;7.19
14.7962;13.8758;11.55;7.69;0;0;1.69567;-1.39;1.65441;6.3
2.33984;1.63625;0.58;1.79;0;0;1.33642;-1.52;-0.318571;0.27
6.93974;5.79829;0.45;6.33;0;1;2.19575;-1.53;2.178;4.8
14.4479;13.0701;11.39;6.67;1;0;1.54096;-1.72;1.59922;4.95
5.52175;5.37555;3.58;4.01;0;0;1.83682;-1.75;0.539594;2.26
1.82695;0.920054;1.33;0.16;0;0;0;5.83;5.87458;5.99
7.2917;7.02619;6.77;1.97;0;0;1.37287;-1.45;0.0226896;0.52
6.02078;4.14121;1.47;4.16;1;1;0;1.77;3.68593;5.93
10.7311;10.5062;10.24;2.46;0;0;1.65749;-0.52;1.17654;1.94
12.6552;10.0805;10.4;1.36;3;0;0.99249;5.2;5.73025;6.56
4.17581;4.0098;0.7;4.01;0;0;0;2.1;3.78531;6.11
10.6503;10.2157;9.21;4.42;0;0;1.18105;-0.62;2.09924;3.8
10.194;9.77432;9.47;2.6;0;0;1.25274;-2.03;-0.404698;0.57
9.1264;9.04496;9.03;0.52;0;0;1.48172;0.73;0.97875;1.25
3.14602;1.40207;1.28;0.98;0;0;0;0.92;1.39717;1.9
8.58608;8.47517;7.86;3.17;0;0;1.70081;-1.73;0.158889;1.44
3.3253;2.04377;0.91;2.26;0;1;0;5.38;6.10922;7.64
12.9422;12.534;10.07;7.53;0;0;1.51012;-1.32;3.09539;6.21
8.15283;3.60976;0.8;3.56;3;1;0;2.45;4.24218;6.01
2.24911;0.810247;0.74;0.68;0;1;0;2.44;2.8513;3.12
10.2714;2.51002;1.66;3.87;1;2;0;3.06;5.7875;6.93
14.6814;12.2395;10.31;7.1;0;1;1.16367;-1.6;2.65093;5.5
10.295;7.94028;7.63;3.85;1;0;1.42245;-1.07;1.87296;2.78
9.72672;9.35868;8.93;2.94;0;1;1.29972;3.24;5.2067;6.18
7.25575;6.88608;6.66;1.97;0;0;1.6204;-1.5;-0.0489473;0.47
10.4074;9.9396;9.54;2.79;0;0;1.84938;1.21;3.00434;4
8.13162;7.04688;0.96;7.21;1;1;2.6514;-0.57;2.00873;6.64
5.99254;5.33394;2.38;4.85;1;0;2.92636;-0.82;1.45956;4.03
4.45395;1.99902;0.59;2.22;0;0;0;2.9;3.34933;5.12
9.99621;9.29728;9.17;2.27;0;0;2.04973;1.05;2.64504;3.32
12.888;12.5619;11.02;6.03;0;0;1.44247;0.58;4.11518;6.61
16.1591;13.2989;12.09;5.54;0;0;2.01659;-0.06;3.61087;5.48
6.70471;5.2838;5.75;1.31;1;0;1.85151;0.72;1.34698;2.03
15.4713;14.0846;11.8;7.69;0;0;1.60239;-1.54;3.28291;6.15
4.02077;3.78005;0.5;3.78;0;0;0;1.76;3.73831;5.54
1.20529;0.752861;0.83;0.24;0;0;0;0.62;0.729426;0.86
0.659083;0.414367;0.47;0.16;0;0;0;0.5;0.544355;0.66
1.53369;0.85276;0.8;0.64;0;2;0.911309;4.61;5.10463;5.25
11.2693;10.9915;10.23;4.11;0;0;2.2298;1.98;4.74936;6.09
17.7168;10.2743;9.76;4.31;2;2;1.67897;0.71;2.21123;5.02
4.10369;3.93085;3;2.54;0;0;1.38467;1.55;2.332;4.09
5.08442;4.17455;3.11;3.25;0;0;1.29574;3.65;5.04444;6.9
3.48676;3.10203;0.83;3.01;0;0;0;3.32;4.12915;6.33
9.11071;9.03733;8.82;1.97;0;0;2.44162;1.27;2.49068;3.24
14.2865;12.3222;10.56;6.35;0;1;1.63673;0.33;4.02825;6.68
13.2794;11.645;11.64;1.51;0;1;1.40525;4.41;4.89699;5.92
9.74999;7.70497;8.29;2.09;0;0;1.71398;0.8;1.6913;2.89
8.60909;8.44543;8.26;1.76;0;0;1.64269;-1.58;-0.370148;0.18
9.656;8.3932;7.73;3.72;0;0;1.14681;-1.17;1.60274;2.55
12.2418;11.8462;9.82;6.67;0;0;1.30012;-1.64;2.1253;5.03
12.076;11.6197;10.32;5.4;0;1;1.40386;0.45;3.66591;5.85
9.70783;9.52185;9.16;2.6;0;0;1.6595;1.67;3.10973;4.27
3.19776;2.786;1.67;2.23;0;0;0;5.21;5.49706;7.44
12.0896;11.8661;9.02;7.71;0;0;1.64977;-1.54;2.47899;6.17
11.544;10.8284;8.38;6.87;0;0;1.25822;-1.38;2.71566;5.49
14.0479;13.4885;10.86;8;0;0;1.36244;-1.6;2.97942;6.4
11.1035;10.3079;9.62;3.83;0;0;1.85349;0.94;3.29292;4.77
0.948669;0.315753;0.31;0.31;0;0;0;2.41;2.65529;2.72
12.9405;11.4813;11.19;3.22;0;0;2.59043;-0.34;2.26866;2.88
9.11488;9.10014;0.15;9.1;0;0;3.02889;-2.14;1.98796;6.96
7.82524;7.62898;0.9;7.62;0;0;2.58257;-0.71;2.52151;6.91
2.53244;1.93807;1.28;1.57;0;0;0;4.04;4.27198;5.61
11.6626;11.1418;10.86;2.62;0;0;2.03494;3.77;4.21294;6.39
15.389;13.088;11.59;6.08;0;0;1.31467;1.11;4.79257;7.19
7.66726;5.89143;1.38;6.16;2;0;2.36141;-1.03;2.8385;5.13
4.32379;4.30005;0.14;4.3;0;0;2.02583;-0.91;1.52863;3.39
11.0817;10.7699;10.63;1.89;0;1;1.84266;4.16;4.59792;6.05
6.33556;6.05026;5.9;1.43;0;0;1.76338;5.26;5.6596;6.69
4.79155;4.72699;4.62;1.02;0;0;1.78829;5.16;5.52;6.18
13.1748;12.3092;11.28;5;0;0;1.82891;1.36;3.68353;6.36
9.62279;8.87919;8.53;2.78;0;0;1.64872;-1.53;0.625833;1.25
14.0621;10.7539;8.61;6.86;2;0;1.3732;-1.22;2.98504;5.64
18.7667;13.4447;10.67;8.18;4;2;1.472;-2.05;1.68535;6.13
10.3937;8.93508;8.66;2.98;0;0;1.24819;-1.81;0.30271;1.17
8.78376;6.69928;6.47;2.98;1;0;1.395;2.34;4.35152;5.32
4.4659;3.94088;3.88;0.93;0;0;1.17847;0.39;1.17286;1.32
4.81457;4.37041;4.41;0.43;0;0;0.980811;0.11;0.378257;0.54
8.18416;2.83487;1;5.26;1;1;0;1.12;4.20726;6.38
10.2139;8.61086;5.87;6.3;0;0;1.55558;-1.42;2.42776;4.88
10.323;7.05201;6.69;5.12;0;1;1.42409;-1.45;1.33616;3.67
7.43924;7.25044;6.08;3.95;0;0;1.62474;0.81;2.98123;4.76
2.72654;2.67905;0.26;2.67;0;0;0;2.69;4.01849;5.36
13.6021;12.6512;10.29;7.36;0;0;1.06114;-1.74;2.53012;5.62
5.48078;4.87382;1.51;4.65;2;0;0;1.95;3.27956;6.6
7.94411;6.62007;6.72;0.45;0;0;1.22463;0.64;0.881055;1.09
1.16595;0.174929;0.24;0.44;0;2;0;4.41;4.65225;4.85
12.0842;9.67435;7.91;5.67;1;0;1.48896;-1.17;2.40662;4.5
2.83801;1.38798;1.01;1.27;0;0;1.31954;3.24;3.91;4.51
8.27081;7.78064;0.11;8.02;0;1;2.55136;-0.93;2.66981;7.09
4.26171;4.23954;1.04;4.11;0;0;0;3.1;4.55917;7.21
13.2484;11.9726;10.99;4.75;0;0;1.5419;1.71;4.80859;6.46
13.6356;12.8212;11.32;6.02;0;0;1.71073;-0.63;3.4458;5.39
0.926335;0.501597;0.13;0.67;0;0;0;2.29;2.6548;2.96
6.64594;6.29941;5.99;2.21;0;0;1.29133;-1.45;0.0427692;0.76
6.89159;6.74561;6.52;1.84;0;0;1.32026;-1.51;-0.342652;0.33
5.89862;5.35651;4.55;2.89;2;0;2.0858;3.03;4.35712;5.92
7.13985;7.06329;6.9;1.51;0;0;1.60225;-1.56;-0.567027;-0.05
2.24841;2.21057;0.14;2.21;0;0;0;2.02;3.10867;4.23
7.82149;7.57856;7.01;2.96;0;0;1.51131;1.51;3.19992;4.47
11.5432;10.8068;9.84;4.7;0;2;1.30293;1.36;4.17827;6.06
3.5029;3.43006;0.3;3.43;0;0;0;1.98;3.85585;5.41
18.4791;14.0324;11.57;8.21;1;1;1.79701;-1.48;3.48251;6.73
10.4608;10.1219;8.66;5.31;0;0;1.58055;-1.66;1.60598;3.65
4.80347;4.65967;0.62;4.65;0;0;0;1.97;4.09476;6.62
2.92938;0.550091;0.97;1.17;1;0;0;3.03;3.47619;4.2
7.12117;6.95076;6.83;1.4;0;0;1.60399;1.5;2.49232;2.9
12.5639;10.5587;9.61;5.17;0;0;1.5168;0.52;4.2228;5.69
9.007;8.85081;0.3;8.85;0;0;1.60859;-0.85;2.40302;8
0.468995;0.136015;0.13;0.12;0;0;0;0.67;0.724032;0.79
12.2404;11.9791;10.17;6.33;0;0;1.51807;-0.66;2.85849;5.67
9.60987;7.95277;7.72;2.96;0;0;1.49831;-1.23;0.810928;1.73
15.2543;13.0355;10.95;7.32;1;0;1.95269;-1.45;3.02337;5.87
6.39874;5.91473;1.15;5.88;0;0;1.77952;-1.69;1.01289;4.19
8.98028;8.42038;0.64;8.42;0;0;1.84899;-1.5;2.885;6.92
6.09931;5.98966;0.41;5.98;0;0;1.88423;-1.3;1.56883;4.68
4.27818;4.23275;4.09;1.09;0;0;1.87364;3.41;4.11754;4.5
7.32496;7.25944;0.54;7.25;0;0;0;-1.03;2.77537;6.22
10.7643;8.63335;1.3;8.78;2;1;1.25807;-1.38;2.31619;7.4
10.3975;8.76371;0.56;9.24;1;2;1.22628;-1.66;2.74484;7.58
8.98431;8.72624;0.36;8.72;0;0;2.56392;-0.74;2.54547;7.98
9.44007;8.40801;0.86;8.69;0;1;2.60612;-1.33;2.30587;7.36
2.35447;0.978621;1.24;0.55;1;2;0;4.87;5.23078;5.42
9.51354;9.07551;8.68;2.69;0;0;1.69921;-1.29;0.710979;1.4
10.1486;9.55879;8.96;3.42;0;0;1.59712;1.99;4.36374;5.41
9.30399;8.98098;8.76;2.08;0;0;1.36906;-1.6;0.0106396;0.48
4.41918;4.37324;0.43;4.36;0;0;0;2.12;4.02154;6.48
13.1971;12.3691;10.48;6.57;0;0;1.59667;-1.45;2.6733;5.12
15.2189;13.1536;11.1;7.54;2;2;1.53981;-1.32;2.70574;6.22
8.47696;8.37356;6.34;5.47;0;0;1.50794;-1.16;1.84475;4.31
8.4916;8.36687;0.67;8.34;0;0;2.29053;-1.41;1.61697;6.93
9.51962;9.20371;1.31;9.11;2;0;3.11957;-1.58;2.27255;7.53
1.93768;0.277309;0.33;0.63;1;2;1.02291;6.69;6.9238;7.32
8.73801;8.73028;0.13;8.73;0;0;3.96797;-1.49;2.82907;7.24
12.3661;11.829;11.02;4.49;0;0;1.62878;1.71;4.59215;6.2
2.79032;2.62452;1.8;1.91;0;0;0;3.79;4.50045;5.7
9.60029;9.3956;9.02;2.63;0;0;1.59189;1.68;3.35762;4.31
11.9207;11.1147;9.86;5.13;0;0;1.05894;0.33;3.33926;5.46
8.62968;7.48033;1.8;7.48;1;0;0;-1.3;4.87548;6.18
10.4997;10.026;9.63;2.79;0;0;1.73062;1.64;3.79245;4.43
11.1064;10.8629;9.73;4.83;0;0;2.94499;1.11;4.02726;5.94
14.3297;13.2803;10.81;7.77;0;0;1.85035;-1.39;3.20899;6.38
7.04018;6.21065;6.21;0.83;0;0;1.82725;2.28;2.77894;3.11
8.26453;7.99646;7.75;2.13;0;0;0.942565;-1.59;-0.0967741;0.54
10.7473;9.92695;9.5;3.25;0;0;1.84121;-1.1;1.45309;2.15
8.34956;8.3301;0.11;8.33;1;0;3.08362;-1.19;2.46127;7.14
7.82549;7.77422;0.52;7.76;2;0;3.6629;-0.83;2.79674;6.93
0.971292;0.840535;0.69;0.55;0;0;0;4.95;5.25636;5.5
10.6308;10.2938;9.96;2.6;0;0;1.86166;2.49;4.39476;5.09
11.8757;11.0178;10.19;4.39;0;0;1.61273;-1.47;2.00298;2.92
15.7645;14.0137;11.4;8.15;0;0;1.38464;-1.18;2.18891;6.97
15.2143;13.1503;10.76;7.78;0;1;1.68209;-1.59;3.75138;6.19
11.8352;11.3008;10.43;4.35;0;0;1.21555;1.05;3.05818;5.4
8.543;8.49002;0.2;8.49;0;0;1.91614;-1.59;2.49261;6.9
6.87837;6.46421;4.48;4.66;0;0;1.78171;1.39;3.78951;6.05
6.56349;4.77117;2.02;4.35;0;1;0;2.01;4.62036;6.36
14.0559;10.7209;10.13;3.95;1;1;1.37975;-1.39;1.40804;2.56
9.47242;8.35135;7.85;3.57;0;1;1.38036;0.06;2.51865;3.63
5.93038;5.59795;5.47;1.19;0;0;1.61084;0.49;1.28348;1.68
6.44392;5.96981;6.03;1.32;1;0;1.44301;2.47;3.34893;3.79
4.18537;3.87737;3.71;1.36;1;0;1.26681;2.65;3.51036;4.01
6.85055;6.85;0.01;6.85;0;0;0;0.61;4.0315;7.46
2.2301;2.16453;0.21;2.16;0;0;1.40976;-1.09;0.0553659;1.07
12.5219;11.5625;10.91;4.12;0;1;1.64005;1.9;4.02115;6.02
11.4337;10.7516;9.89;4.51;0;1;1.50786;1.05;3.58824;5.56
11.5088;10.5181;9.63;4.23;0;0;1.93667;1.06;3.73522;5.29
12.0581;11.2608;10.21;4.75;0;0;1.78896;1.78;3.00445;6.53
5.42171;0.244132;1.52;1.43;1;2;0;4.74;5.26114;6.17
10.4582;10.3847;9.33;4.56;0;0;2.71474;0.91;3.19811;5.47
5.39607;4.71021;1.22;4.7;0;0;0;1.57;3.88011;6.27
13.3834;8.7049;8.83;4.48;1;2;2.26756;-1.53;2.011;2.95
3.01894;2.97128;2.94;0.48;0;0;1.50309;1.23;1.565;1.71
12.8637;12.1976;10.01;7.13;0;0;1.19138;-1.52;2.34419;5.61
5.41476;5.21561;5.01;1.46;0;0;1.38769;-1.39;-0.34898;0.07
7.32424;7.16208;5.75;4.27;0;0;1.53578;-1.53;0.890334;2.74
8.10357;7.70934;7.44;2.16;0;0;1.13046;-1.39;0.193056;0.77
3.55525;3.1772;3.05;0.99;0;0;0.948956;-0.3;-0.0404839;0.69
10.1022;8.58364;2.07;8.58;0;0;3.91037;-1.43;2.61867;7.15
15.0123;14.061;11.35;8.3;0;0;2.04539;-1.59;3.73739;6.71
9.43248;8.72081;8.5;2.27;0;0;1.83147;-1.41;0.340071;0.86
13.7663;13.0466;10.84;7.26;0;0;1.43763;-1.54;2.37251;5.72
9.16722;7.73724;1.88;7.57;0;0;2.29956;-1.16;1.30692;6.41
9.62093;9.26519;0.87;9.26;1;0;3.88729;-1.38;3.57548;7.88
10.7505;10.4924;9.7;4;0;0;1.86951;1.65;3.18151;5.65
2.35425;1.78264;0.599999;1.74;1;0;0;3.96;4.63174;5.7
9.78318;9.55013;9.07;3.1;0;0;1.33312;1.18;3.00758;4.28
1.12833;0.875957;0.39;0.83;0;0;0;4.66;4.9858;5.49
9.96454;9.49057;9.29;2.35;0;0;1.60567;2.1;3.77189;4.45
14.5784;12.8747;10.74;7.1;0;0;2.0105;-1.06;3.16599;6.04
15.6267;10.888;11.01;3.25;1;0;1.63224;2.12;3.09797;5.37
1.84882;1.29835;0.99;1.12;0;1;0;4.97;5.26574;6.09
12.8126;12.3647;10.92;5.8;0;0;1.79748;1.31;4.57663;7.11
2.60569;2.00002;2.09;0.41;0;0;1.67105;5.71;5.905;6.12
6.18208;6.08113;5.76;1.95;0;0;1.39551;-1.18;0.0579824;0.77
9.81475;8.54958;6.12;5.97;0;0;1.65403;-0.94;1.84433;5.03
11.4868;11.1159;7.82;7.94;0;1;1.296;-1.52;2.40456;6.42
5.95411;5.92301;5.61;1.9;0;0;1.9218;-1.25;-0.335443;0.65
6.29869;6.06369;3.28;5.1;0;0;1.49833;-0.94;1.79772;4.16
13.273;12.8435;11.34;6.03;0;0;1.48989;0.43;3.56884;6.46
2.13545;2.04619;1.62;1.25;0;0;1.17387;-0.26;0.365435;0.99
6.4038;5.8832;5.62;1.94;0;0;1.55316;-1.35;0.1145;0.59
7.52869;7.11146;6.65;2.74;0;0;1.70705;-1.46;0.437589;1.28
10.4132;10.0784;9.58;3.13;0;0;2.39036;2.47;3.61476;5.6
8.93218;8.57429;1.72;8.4;0;0;2.87127;-1.25;2.25627;7.15
2.5939;1.30231;1;1.08;0;0;0;3.96;4.25426;5.04
0.774973;0.493964;0.23;0.46;0;1;0;3.79;4.06823;4.25
11.8356;11.4119;10.47;4.54;0;0;1.80526;-0.35;3.02137;4.19
4.49441;4.03609;0.83;4.02;1;0;0;2.02;3.68;6.04
4.88058;2.78065;1.62;2.94;1;0;0;0.82;3.30403;3.76
11.9456;11.3338;10.73;3.65;0;0;1.57414;3.37;4.3305;7.02
12.204;10.0699;9.94;4.26;0;1;1.90358;0.47;3.56985;4.73
9.32041;9.31002;0.11;9.31;0;0;3.91472;-1.51;3.27188;7.8
8.92583;8.92224;0.2;8.92;0;0;3.667;-1.48;2.59811;7.44
4.75474;4.62477;0.47;4.62;0;0;0;2.66;5.13587;7.28
10.9962;10.6177;9.73;4.25;0;0;1.59249;0.8;3.15885;5.05
8.61116;8.56309;0.45;8.56;0;0;3.3321;-1.16;3.14922;7.4
12.4692;10.3749;10.49;3.99;0;1;1.49877;0.52;3.05683;4.51
3.80893;2.1849;1.78;2.01;0;1;0;3.95;4.56054;5.96
13.9908;11.5429;10.26;5.88;0;1;1.38937;-1.66;2.33256;4.22
11.2324;10.375;10.4;1.7;1;0;1.48671;5.84;6.3254;7.54
15.8112;12.5346;11.66;6.82;0;0;1.3622;1.31;3.45412;8.13
12.9474;11.5827;11.35;2.64;0;3;1.75493;1.92;3.74867;4.56
13.5664;11.6941;8.85;7.82;2;0;1.45214;-1.58;2.82313;6.24
4.89635;4.60722;4.29;1.88;0;0;1.58949;-1.46;-0.192625;0.42
5.73554;5.6508;5.3;1.96;0;0;2.07821;-1.73;-0.418594;0.23
11.1029;10.5737;8.18;6.7;0;0;1.58863;-1.35;2.60676;5.35
8.617;8.2119;7.92;2.43;0;0;1.46122;-1.52;0.256467;0.91
4.74576;4.56426;3.1;3.35;0;0;1.38903;-1.55;0.326512;1.8
4.11857;3.93605;3.86;0.92;0;0;1.1762;0.7;1.30114;1.62
7.8755;7.70603;1.77;7.5;0;0;2.3024;-0.46;2.41377;7.04
9.64588;9.64019;0.09;9.64;0;0;3.4837;-1.61;3.15478;8.03
10.6518;9.41816;9.16;2.9;0;0;1.15687;-1.66;0.619105;1.24
11.7536;11.2382;10.78;3.23;0;1;1.65626;2.07;4.12199;5.3
12.1493;11.8219;10.29;5.82;0;0;1.76338;0.98;3.50593;6.8
15.79;13.7507;12.05;6.75;1;0;2.29861;0.75;4.26243;7.5
4.70005;4.39956;4.21;1.41;0;2;1.42684;1.19;1.98953;2.6
14.0172;13.6294;10.67;8.48;0;0;1.92198;-1.64;2.86422;6.84
9.60917;9.16666;8.78;2.81;1;0;1.46057;-1.65;0.314485;1.16
7.26629;6.74854;1.28;6.72;0;0;0;0.79;4.68344;7.51
9.47302;8.85756;8.58;2.45;0;0;1.32582;-1.66;0.156722;0.79
1.55752;0.637809;0.63;0.64;1;0;0;2.91;3.26667;3.55
12.2453;10.982;10.16;4.72;0;1;1.69285;-1.52;2.08792;3.2
3.1396;2.49419;1.37;2.19;0;0;0;-1.73;-0.326548;0.46
14.0311;11.8267;11.06;5.54;0;0;1.44697;-0.09;0.958586;5.45
2.77904;0.278568;0.27;0.72;0;2;0;5.12;5.6208;5.84
11.5104;10.0502;9.34;4.36;2;1;1.60388;1.51;4.27649;5.87
3.41424;2.11294;0.68;2.54;0;1;1.83057;-1.31;0.39119;1.23
16.3636;13.592;10.87;8.16;0;0;1.85371;-1.59;4.19396;6.57
11.8841;11.4285;10.32;4.91;0;0;1.5;1.84;3.40197;6.75
13.7264;12.8;10.24;7.68;0;0;1.71176;-1.67;3.09603;6.01
12.6726;12.4648;9.81;7.69;0;0;1.80093;-1.54;2.30667;6.15
14.1506;13.1996;11.61;6.28;0;0;1.68804;0.1;4.70742;6.38
3.37885;0.25807;0.48;1.42;0;3;0;1.13;1.75326;2.55
7.11002;5.70071;1.12;5.7;3;0;0;1.41;3.08833;7.11
2.73628;1.48661;1.47;0.98;0;1;0;4.23;5.01602;5.21
12.517;11.339;10.68;4.04;0;0;1.86847;0.79;3.85622;4.83
1.48451;1.42618;0.36;1.38;0;0;0;0.83;1.39708;2.21
1.989;1.38946;1.05;0.91;0;0;0;2.14;2.78252;3.05
1.34131;0.313209;0.1;0.47;0;0;0;3;3.25453;3.47
15.6444;11.6797;10.74;6.16;1;0;1.76614;1.52;2.95054;7.68
14.3013;12.3656;11.27;5.63;2;1;1.41814;0.89;3.43712;6.52
2.669;2.02744;1.79;1.12;0;1;0;4.89;5.40929;6.01
9.41339;9.24885;8.87;2.62;0;0;1.54916;2.32;3.71528;4.94
1.53489;1.16039;0.93;0.77;0;0;0;2.73;3.23586;3.5
1.05402;0.117047;0.19;0.45;0;0;0;3.73;3.98652;4.18
10.9562;10.0888;9.74;2.85;0;0;1.75409;0.85;2.9934;3.7
10.2872;9.56601;9.09;3.28;0;0;1.66062;-1.66;0.880807;1.62
3.88155;3.87569;3.87;0.21;0;0;2.30599;0.03;0.158537;0.24
6.37924;6.30087;0.61;6.29;0;0;0;-1.29;1.18362;5
4.9972;4.93058;0.47;4.91;0;0;1.84277;-0.94;1.23685;3.97
18.7471;3.81278;4.15;9.42;2;1;2.57305;-1.89;2.48613;7.53
9.65092;9.17306;0.96;9.15;1;0;2.21827;-1.37;2.58829;7.78
8.31479;8.1456;7.82;2.36;0;0;1.62504;4.46;5.40348;6.82
10.0455;9.09907;9.25;1.68;0;0;1.48999;5.27;5.64839;6.95
12.3513;11.294;11.1;3.17;0;0;1.46927;-0.35;1.53588;2.82
12.2487;11.74;10.28;5.67;0;0;1.49358;0.29;3.75289;5.96
1.02455;0.866084;0.700001;0.51;0;0;0;-0.56;-0.247647;-0.05
14.0366;12.9669;11.96;5.01;0;0;1.59753;1.42;4.78388;6.43
6.87558;6.67847;6.16;2.58;0;0;1.6622;2;3.55148;4.58
2.36403;1.94116;1.76;0.98;0;1;0;5.25;5.62258;6.23
10.5343;9.93745;9.89;1.33;0;0;1.51081;4.35;5.4934;5.68
11.7053;10.7191;9.81;4.32;0;0;1.00137;1.44;2.47187;5.76
8.41607;7.81463;7.57;2.23;0;0;1.66948;-1.48;0.164748;0.75
7.68757;7.68042;0.13;7.68;0;0;2.44696;-1.4;3.21419;6.28
9.07076;8.93086;0.73;8.91;0;0;3.48357;-1.25;3.48947;7.66
1.25976;0.814678;0.61;0.55;0;0;0;2.16;2.57099;2.71
3.4487;3.33074;0.28;3.33;0;0;0;3.61;5.2635;6.94
0.428122;0.144222;0.12;0.0999999;0;0;0;2.66;2.71447;2.76
1.15698;0.282843;0.27;0.25;0;1;0;2.75;2.85766;3
11.4056;10.6372;9.8;4.36;0;0;2.35334;-1.59;1.5177;2.77
9.37718;9.06782;1.17;9.02;0;0;1.88157;-1.17;2.88202;7.85
7.69693;7.4674;6.86;2.95;0;0;1.30203;-1.47;0.389794;1.48
9.38734;8.73506;7.67;4.23;0;0;1.38118;-1.3;1.60421;2.93
7.04791;6.92223;6.73;1.62;0;0;1.41753;1.69;2.75304;3.31
4.35098;4.20081;2.92;3.02;0;0;1.32148;-1.38;0.277241;1.64
3.20196;0.509608;0.5;0.63;0;0;0;3.76;4.08364;4.39
1.68068;1.49933;0.3;1.48;0;0;0;2.53;3.09779;4.01
10.1986;9.87508;9.62;2.33;0;0;1.49886;0.32;1.92923;2.65
11.7233;10.2917;9.19;4.75;0;0;1.55223;-1.5;1.84678;3.25
9.13651;9.1202;0.22;9.12;0;0;3.35877;-1.54;2.23744;7.58
5.7211;5.21145;1.81;4.94;0;0;0;2.53;3.55431;7.47
11.5465;10.6924;9.85;4.26;0;0;1.89711;-1.6;1.79168;2.66
11.0009;10.7374;9.79;4.41;0;0;2.33342;0.8;3.3925;5.21
8.87623;8.87014;0.13;8.87;0;0;0;-1.6;2.77476;7.27
7.7578;7.48818;0.57;7.48;3;0;0;-1.51;1.44;5.97
9.17345;7.94575;0.56;8.39;0;1;1.28033;-0.69;1.39161;7.7
4.33845;3.61403;1.56;3.47;1;0;0;-1.8;0.515833;1.67
13.3194;11.5964;10.4;5.36;0;0;1.55638;1.3;2.52;6.66
15.4366;13.9817;11.57;7.85;0;0;1.29403;-1.59;1.88489;6.26
10.1592;9.18535;8.65;3.68;0;0;1.41625;-1.6;1.07187;2.08
9.92168;9.30175;8.61;3.61;0;0;1.18908;-1.73;0.884097;1.88
8.11522;7.84037;6.83;3.91;0;0;1.7896;0.62;2.9275;4.53
12.5807;12.2701;9.84;7.33;0;0;1.76236;-1.5;2.57442;5.83
6.00763;5.96068;0.28;5.96;0;0;2.61967;0.86;3.24236;6.82
9.7425;9.62005;0.28;9.62;0;0;3.09245;-1.71;2.69385;7.91
12.3104;11.7123;10.96;4.13;1;1;1.67012;1.9;3.93251;6.03
15.8249;13.9787;11.63;7.83;0;1;1.49669;-1.52;4.00646;6.31
10.7716;10.232;9.65;3.75;0;0;1.67895;1.37;3.21094;5.12
12.5692;11.3034;11.26;2.29;0;1;1.67073;3.82;4.68798;6.11
1.86764;0.704557;0.7;0.7;0;1;0;4.33;4.62902;5.03
7.46436;6.75001;6.78;0.46;0;0;1.8221;4.39;4.62811;4.85
6.4735;6.37603;6.24;1.31;0;0;1.69601;2.43;3.044;3.74
8.25618;6.42055;4.95;4.74;2;0;1.98525;2.03;4.15261;6.77
8.82956;8.29605;8.12;2.11;0;1;2.02477;-1.23;0.331826;0.88
4.81696;4.58852;4.36;1.5;0;0;1.57187;1.81;2.79688;3.31
13.2993;12.3792;10.56;6.51;0;0;1.65139;-0.63;2.95005;5.88
9.41434;8.96733;8.31;3.39;0;0;1.42687;3.09;5.32873;6.48
8.52016;7.01781;6.18;3.87;1;0;1.6413;-0.48;1.91788;3.39
4.76373;4.15496;3.74;1.82;0;0;1.8122;-1.22;0.0571643;0.6
4.11233;3.69131;3.01;2.37;1;0;1.89668;-0.69;0.626364;1.68
6.89128;4.10099;4;2.49;1;1;1.69852;1.96;3.26503;4.45
6.08913;5.85782;4.9;3.27;0;0;2.03542;-1.59;0.231948;1.68
7.92721;7.84031;0.49;7.84;0;0;3.6493;-0.89;2.76219;6.95
8.3162;8.02006;0.55;8.02;0;0;2.76183;-0.59;3.77552;7.43
7.57436;7.36699;0.64;7.35;0;0;2.83289;-0.4;2.79403;6.95
15.3465;12.9704;11.13;6.74;0;1;1.47172;-0.13;3.96127;6.61
3.71381;3.1404;3.14;0.63;0;0;1.34332;1.52;1.88123;2.15
3.66543;3.30929;3.17;1.19;0;0;1.75044;2.71;3.34688;3.9
2.4484;0.600167;0.84;0.61;1;2;0;6.43;6.77714;7.04
2.68768;0.629365;0.74;0.94;1;1;0;6;6.74085;6.94
2.62025;1.78216;1.66;1.37;1;1;1.48286;1.77;2.57913;3.14
11.951;11.1439;10.6;3.73;0;1;1.82461;2.16;4.07476;5.89
8.81074;8.62047;1.47;8.55;0;0;2.43821;-0.7;2.6205;7.85
2.74103;2.52067;2.46;0.8;0;0;1.17778;1.38;1.80085;2.18
6.13865;5.03081;5.09;1.26;0;1;1.61368;2.42;2.78155;3.68
3.59506;3.25;3.15;0.8;0;0;1.82828;2.3;2.80872;3.1
8.26437;7.45982;7.08;2.43;1;1;1.47929;0.77;2.3623;3.2
10.2531;9.81193;8.58;4.93;0;0;1.83388;-1.66;1.27244;3.27
4.61496;1.86775;0.94;2.26;2;2;0;4.18;5.71024;6.44
12.5028;10.4427;9.75;3.92;1;2;1.99354;0.87;3.1363;4.79
10.6162;10.1239;8.36;5.83;0;1;1.37524;-1.52;1.49193;4.31
9.71444;8.45923;5.62;6.41;1;0;1.54941;-1.47;1.79196;4.94
11.9159;10.0059;7.59;6.56;0;1;1.42155;-1.64;2.43942;4.92
6.16803;5.28252;4.46;3.22;1;0;1.64162;0.84;2.70031;4.06
3.54693;3.45527;3.15;1.42;0;0;1.38254;1.97;2.57323;3.39
2.5833;2.53338;1.86;1.72;0;0;1.41877;-1.38;-0.513044;0.34
7.34157;7.07472;5.54;4.47;0;1;1.66989;0.41;2.46436;4.88
9.31676;9.02358;6.3;6.47;0;0;1.63501;-1.53;1.36803;4.94
6.88608;6.22113;5.67;2.98;0;0;2.13134;2.48;3.34419;5.46
8.57378;7.79616;7.78;1.3;1;0;1.67201;1.45;2.40229;2.75
8.80639;8.45662;8.3;1.74;0;0;1.8098;-1.25;0.0539877;0.49
9.07816;8.58842;1.04;8.53;0;0;2.6461;-0.73;2.42171;7.8
9.32692;7.92664;1.94;7.74;0;1;1.70553;-0.62;2.26167;7.12
14.6015;13.0753;11.05;6.99;0;0;1.70657;-1.65;2.69399;5.34
4.73599;4.44924;3.82;2.48;0;1;1.70948;1.14;2.68308;3.62
12.0891;11.284;10.03;5.17;0;0;1.59156;0.7;2.99791;5.87
7.72818;7.63257;1.05;7.56;0;0;3.70555;-1.38;2.0369;6.18
8.56721;8.55005;0.19;8.55;0;0;3.71859;-1.1;3.10524;7.45
2.36439;1.04809;0.96;1.14;0;0;1.32802;4.12;4.45568;5.26
10.8563;8.09944;7.73;3.61;1;1;0.963666;0.49;1.99793;4.1
5.5802;5.49364;0.36;5.49;2;0;0;1.18;3.74329;6.67
4.08551;0.936055;1.25;1.97;0;1;0;5.02;5.654;6.99
2.47713;1.30545;0.64;1.21;0;0;0;4.05;4.95676;5.26
10.3538;9.22524;9.21;1.15;0;0;1.68442;4.66;5.18006;5.81
8.8806;7.88861;7.3;2.99;0;0;1.35349;1.13;2.76852;4.12
8.23573;8.12524;0.73;8.1;0;0;3.16584;-0.88;3.75583;7.22
10.6025;7.67714;2.77;7.16;0;0;0.924267;-0.62;2.315;6.54
1.86594;1.74645;0.15;1.74;0;0;0.576298;0.15;0.559512;1.89
4.33639;0.552178;0.32;2.12;1;2;0.848605;-0.53;0.100986;1.59
6.50995;3.46286;1.39;3.37;1;1;1.02624;-1.07;1.1593;2.3
6.61457;4.41249;1.18;4.35;1;0;1.22158;-1.38;1.38804;2.97
2.46912;0.660681;1.24;0.41;0;0;0.787043;5.58;5.70787;5.99
2.82404;2.82007;0.03;2.82;0;0;1.7219;2.1;3.19976;4.92
4.14896;2.5139;0.41;2.51;1;1;1.73615;-1.33;-0.180682;1.18
8.66641;8.65209;0.29;8.65;0;0;3.68552;-1.21;3.0015;7.44
6.89387;5.26984;2.01;5.34;2;1;0;1.61;2.97974;6.95
9.21392;8.33965;8.05;3.24;1;0;1.86468;-1.66;0.436384;1.58
5.98617;5.63489;5.04;2.52;0;0;1.58381;1.83;2.89135;4.35
1.53262;0.60208;0.11;1;0;1;0;6.22;6.98786;7.22
7.52015;6.68521;6.96;0.98;0;1;2.36523;0.39;1.04466;1.37
14.0534;11.3954;10.83;4.68;1;0;1.49143;0.75;2.76431;5.43
9.91621;9.47779;9.02;3.1;0;0;1.21972;-1.52;0.654866;1.58
5.33826;5.13811;4.09;3.11;0;0;1.9131;0.37;2.07535;3.48
9.17156;5.21814;4.83;3.03;2;4;2.10844;4.17;5.77252;7.2
4.77782;4.32404;3.47;2.74;0;0;1.74737;0.94;2.27239;3.68
7.86955;7.50707;6.56;3.74;0;0;1.83415;0.83;3.0441;4.57
4.3674;4.18001;3.62;2.09;0;0;1.89376;2.17;2.97138;4.26
9.67221;9.55569;8.28;4.77;0;0;1.98495;1.03;3.64659;5.8
11.1499;10.8488;7.81;7.53;0;0;1.69761;-1.66;2.1286;5.87
7.07895;6.62838;6.27;2.23;0;1;1.76468;1.01;1.98528;3.24
2.1447;1.39291;1.22;1.12;1;0;0;4.57;5.07579;5.69
13.3976;10.99;9.92;4.81;0;4;1.68136;0.02;3.24865;4.83
8.96396;8.95001;0.13;8.95;0;0;2.03012;-1.61;2.1839;7.34
6.00844;5.40259;0.98;5.34;0;0;1.93718;-1.06;2.068;4.28
3.27919;3.23099;0.14;3.23;0;0;1.79263;3.74;4.98617;6.97
1.29036;0.353836;0.26;0.51;1;1;0.834625;-0.54;-0.31275;-0.03
10.2132;9.38043;1.27;9.34;0;0;1.60171;-1.31;1.57634;8.03
8.36851;8.35001;0.15;8.35;0;0;3.6167;-0.91;3.20362;7.44
8.39122;8.38086;0.16;8.38;0;0;2.10801;-1.15;2.2322;7.23
6.97489;6.93;0.16;6.93;1;0;0;-1.66;1.69956;5.27
1.94376;1.79805;0.340001;1.79;0;0;0;5.56;6.44182;7.35
11.0856;9.35308;1.48;9.24;1;0;2.27207;-1.49;1.75164;7.75
9.09763;8.65891;1.23;8.62;0;1;1.13553;-1.42;1.12906;7.2
13.0037;11.024;9.43;6.31;0;0;1.41776;-1.52;2.44355;4.79
4.85221;3.62614;2.52;2.92;0;0;1.63294;-2.22;-0.428462;0.7
3.51;2.71118;1.28;2.54;1;3;3.5;3.32;4.53061;5.86
2.80197;2.18634;1.6;1.5;0;0;1.30564;3.91;4.70408;5.41
3.96692;2.35595;2.78;0.95;0;1;1.15459;2.61;3.23147;3.56
4.11242;2.40393;2.15;1.49;1;1;1.48869;4.13;4.59051;5.62
9.27487;6.3132;7.42;2.12;0;0;1.47071;1.05;1.94517;3.17
8.59789;8.51494;0.32;8.51;0;0;3.76947;-1.37;2.7;7.14
8.51458;8.24061;0.73;8.24;0;0;3.08689;-1.49;2.14346;6.75
7.81258;7.80126;0.16;7.8;0;0;3.24128;-0.76;3.02915;7.04
7.38194;7.06205;6.73;2.33;0;0;1.86211;-1.56;0.0783;0.77
13.6261;11.1634;10.75;3.17;1;1;1.1678;2.5;3.24858;5.67
10.1329;9.61506;9.02;3.33;0;0;1.32167;-1.5;0.731865;1.83
4.96819;3.60118;3.35;1.8;1;2;1.13155;-1.81;-0.448952;-0.01
3.96465;0.281603;0.12;2.11;1;1;1.3968;-0.76;0.175652;1.35
1.45548;0.350143;0.31;0.76;0;0;0.524486;1.78;2.34279;2.54
0.818995;0.54;0.11;0.54;0;1;0.251034;-0.89;-0.602195;-0.35
4.53723;1.45794;1.15;1.64;2;2;0.816998;-1.37;-0.622077;0.27
1.95062;1.62373;1.06;1.23;1;0;0.467471;2.74;3.33137;3.97
1.58026;0.466905;0.5;0.68;0;0;0.445703;-0.69;-0.244375;-0.01
0.234142;0.107703;0.1;0.04;1;0;0.10543;-0.09;-0.0562745;-0.05
4.90091;4.66429;4.66;0.41;0;1;1.53656;2.2;2.52374;2.61
8.38703;7.45952;6.86;2.93;0;0;1.49435;3.63;5.51743;6.56
7.22957;6.56479;6.5;1.55;0;0;1.40315;0.34;1.26839;1.89
7.02304;6.06364;6.21;0.73;0;0;0.970387;1.98;2.44451;2.71
9.10023;7.33757;5.96;4.35;0;0;1.2553;1.74;4.19878;6.09
11.2408;9.71046;9.69;1.49;1;1;1.27986;1.19;2.1894;2.68
8.63329;7.9937;7.84;1.95;0;0;1.48732;-1.36;-0.299556;0.59
4.03618;3.50618;3.13;1.81;0;2;1.52699;4.95;5.88061;6.76
11.8905;10.1769;9.96;2.41;2;0;0.940742;-1.58;0.306758;0.83
6.64346;4.60783;3.47;3.11;0;1;1.6704;1.6;2.90111;4.71
8.74759;6.6845;6.28;2.9;1;1;1.47334;2.04;3.10272;4.94
15.9427;12.8942;10.77;7.26;2;1;1.70507;-0.33;3.71281;6.93
9.19245;6.30553;5.74;3.26;0;1;1.80749;2.12;3.23102;5.38
4.39503;2.38533;2.52;1.77;0;1;2.07474;2.57;2.79634;4.34
6.45351;5.02842;4.32;3.35;0;0;1.71896;-0.14;1.44907;3.21
13.4898;11.938;9.91;7.2;0;2;2.00376;-1.65;2.63702;5.55
5.01635;4.30443;3.91;1.89;0;1;1.59702;4.75;6.00029;6.64
4.59224;3.2062;2.7;2.17;0;0;1.90612;2.27;3.08098;4.44
5.06135;4.36807;4.2;1.5;0;0;1.70247;4.07;4.91941;5.57
9.68092;8.77542;0.87;8.76;1;1;2.00785;-1.38;1.90156;7.38
3.29104;3.20189;0.25;3.2;1;0;1.54261;1.64;2.72204;4.84
6.86593;5.84303;4.5;3.81;1;0;1.6141;-0.82;1.52622;2.99
2.64078;1.72247;1.36;1.42;0;0;0;2.05;3.13324;3.47
1.12663;0.930484;0.93;0.2;0;0;0;2.54;2.67393;2.74
11.4734;10.2095;9.55;4.2;0;0;2.44743;-1.38;1.81217;2.82
12.5195;10.1987;9.39;3.98;2;0;1.73231;0.51;2.36939;4.49
13.7318;9.16254;8.69;4.49;3;3;1.39198;0.82;2.76712;5.31
11.2031;6.95382;6.66;2.51;3;1;1.52879;1.99;3.77269;4.5
4.07318;3.8373;3.45;1.68;0;0;1.09555;2.44;3.63675;4.12
6.92855;6.33277;6.26;1.37;0;0;1.486;0.91;1.55644;2.28
14.4656;10.4116;10.41;3.49;3;3;1.85896;3.73;5.27357;7.22
6.31083;6.09656;5.84;1.82;0;0;1.43717;-1.48;-0.277297;0.34
3.09645;2.89601;1.65;2.38;0;0;1.54465;2.29;3.42732;4.67
9.28683;9.25352;0.64;9.24;0;0;3.5;-1.95;2.57422;7.29
9.89467;9.4269;8.96;3;0;0;1.27385;-0.53;1.57518;2.47
13.0199;11.3294;9.95;5.58;0;0;1.65019;0.31;2.1325;5.89
8.1506;8.01311;1.08;7.94;0;0;2.96635;-1.07;2.94956;6.87
7.98066;7.58634;0.5;7.73;0;1;2.64137;-0.64;2.5249;7.09
8.02954;8.02275;0.21;8.02;0;0;3.177;-0.56;3.10043;7.46
8.63168;8.63028;0.0700001;8.63;0;0;0;-0.73;3.40705;7.9
11.5824;9.91129;9.96;2.16;0;0;1.66774;2.8;3.6897;4.96
6.56924;4.95404;4.95;1.37;1;3;1.68619;3;3.63242;4.37
7.91812;7.75836;1.35;7.64;0;0;2.82099;-1.26;2.343;6.38
8.82661;6.7978;6.26;3.92;0;1;1.96551;3.53;5.29482;7.45
10.8779;10.1986;9.28;4.23;1;0;1.47638;0.43;2.35256;4.66
4.7283;4.64332;4.2;1.98;0;0;1.46457;2.02;3.13398;4
6.87167;6.8021;3.26;5.97;0;0;3.77819;-1.2;1.89808;4.77
3.00882;1.52069;1.61;1.06;2;1;0;5.16;6.06872;6.22
13.1437;11.6313;10.2;5.59;0;1;2.02926;-0.33;3.11739;5.26
8.71496;6.73439;6.11;3.68;1;0;1.54078;0.98;2.61036;4.66
7.56306;7.11996;6.87;2.04;0;0;1.65376;-0.24;1.18638;1.8
6.02821;5.87716;4.91;3.23;0;0;1.71745;-0.02;1.73629;3.21
10.3816;10.0235;9.4;3.48;0;0;1.67887;1.35;2.48179;4.83
10.0818;8.42476;7.83;4.48;0;0;1.56439;-1.37;0.826797;3.11
4.25126;2.22713;2.41;1.24;1;0;1.56186;1.89;2.41745;3.13
9.59406;8.91902;8.51;3;0;2;1.38477;-1.19;0.62131;1.81
3.68836;3.66083;3.21;1.76;0;0;1.3883;-1.72;-0.752353;0.04
9.00314;8.40669;7.83;3.08;0;0;1.38043;-1.39;0.36044;1.69
1.41141;1.36528;0.72;1.16;0;0;0;4.65;5.25761;5.81
9.58916;9.10483;8.38;3.89;0;0;1.5607;0.94;3.26809;4.83
12.3028;9.61962;8.81;4.67;0;1;1.58862;2.26;4.08515;6.93
10.3212;8.95089;8.28;3.4;1;2;1.335;0.56;1.82404;3.96
3.47448;3.26014;3.22;0.67;0;1;1.59763;4.9;5.26212;5.57
13.1952;11.2187;10.71;3.34;0;0;1.40446;2.27;3.21318;5.61
4.41001;3.94726;2.97;2.6;0;1;1.51631;1.11;2.39757;3.71
5.33747;5.20895;4.74;2.22;0;0;1.96058;5.37;6.32838;7.59
8.39711;5.92102;5.92;2.19;0;0;1.61175;3.45;4.20039;5.64
2.62721;2.5134;2.08;1.45;1;1;1.60213;2.03;2.89714;3.48
5.64444;5.47161;5.31;1.34;0;0;1.56072;2.44;3.36045;3.78
11.6331;10.4511;10.32;2.25;0;1;1.29979;3.95;4.56673;6.2
5.08072;4.15554;0.65;4.13;2;0;0;2.42;4.10843;6.55
8.90938;8.52284;8.28;2.11;0;0;1.25669;-0.88;0.580437;1.23
13.003;11.0739;9.65;5.52;0;2;1.81092;-0.27;3.17863;5.25
17.4693;12.3068;10.87;6.37;3;1;1.68297;1.41;3.57914;7.78
9.6877;7.52728;6.78;4.18;0;0;1.23616;0.42;2.52765;4.6
2.38095;2.26009;1.86;1.34;1;0;1.14726;4.73;5.45717;6.07
1.80258;1.75317;1.44;1.02;0;0;0.858223;6.06;6.64094;7.08
9.09069;8.41462;7.77;3.23;0;0;1.83969;-0.55;1.41686;2.68
5.57529;5.54106;4.97;2.45;0;0;1.35765;-1.45;-0.15019;1
5.20683;4.64423;3.91;2.67;0;0;1.634;0.6;1.9979;3.27
4.63371;4.37293;3.5;2.75;1;0;1.68363;0.38;1.80371;3.13
6.52482;6.47364;0.47;6.46;1;0;3.03579;-0.28;2.682;6.18
3.77225;2.67;2.67;1.03;0;0;1.54506;2.18;2.81187;3.21
8.76073;6.1327;6.07;3.07;1;1;1.5856;4.08;5.07784;7.15
14.0556;11.1433;9.06;7.02;1;1;1.41765;-1.18;2.43787;5.84
10.0452;7.45322;8.01;2.83;0;0;1.69217;-1.55;0.368252;1.28
8.60665;6.95052;5.76;3.89;0;0;1.70374;0.71;2.86492;4.6
3.12396;2.89012;2.46;1.58;0;0;1.51441;-1.5;-0.570755;0.08
6.80411;6.63461;5.56;3.62;0;0;1.52689;-1.69;0.416091;1.93
7.1767;7.08769;0.33;7.08;0;0;0;-0.95;2.29048;6.13
11.4128;8.96645;8.14;3.76;1;0;1.70664;-1.41;1.10742;2.35
7.13812;6.88571;6.33;2.77;0;0;1.618;-0.35;1.172;2.42
3.01863;1.06005;0.86;1.69;2;2;0;5.61;6.73444;7.3
11.4462;8.9786;7.88;4.71;2;0;1.44484;0.31;3.0828;5.02
8.87149;7.50477;7.04;3.43;0;2;1.28142;1.74;3.47358;5.17
12.6581;11.2383;10.51;4.01;0;2;1.24263;1.33;3.12127;5.34
14.3197;13.3589;10.9;7.97;0;0;1.43924;-1.72;2.88271;6.25
7.2519;5.67849;1.39;5.7;1;0;1.65929;-0.76;3.07099;4.94
5.46267;3.12431;0.81;3.07;0;1;1.35613;3.81;5.67915;6.88
1.7376;1.50207;1.49;0.41;0;0;0;6.31;6.49042;6.72
6.09103;1.0018;1.87;2.43;0;0;0;4.73;5.37017;7.16
3.91666;1.84808;1.73;1.89;0;0;0;5.39;6.58381;7.28
5.48353;0.536004;0.58;2.24;0;2;1.07438;5.29;6.73159;7.53
